meeting_key,session_key,driver_number,year,lap_number,lap_duration
1229,202412291,4,2024,1,88.6391457689505
1229,202412291,81,2024,1,88.63349386474367
1229,202412291,16,2024,1,88.64730207401549
1229,202412291,44,2024,1,88.65029578918916
1229,202412291,1,2024,1,88.62649194476828
1229,202412291,30,2024,1,88.62880665830806
1229,202412291,63,2024,1,88.68755123413848
1229,202412291,12,2024,1,88.67817097938922
1229,202412291,14,2024,1,88.80997203902047
1229,202412291,18,2024,1,88.81098799934371
1229,202412291,55,2024,1,88.85717803638123
1229,202412291,23,2024,1,88.85439194824352
1229,202412291,10,2024,1,88.87441382576277
1229,202412291,7,2024,1,88.88630474159719
1229,202412291,31,2024,1,88.97273588467112
1229,202412291,87,2024,1,88.9754483440912
1229,202412291,22,2024,1,88.91188383422438
1229,202412291,20,2024,1,88.90100072733863
1229,202412291,27,2024,1,89.05321385156762
1229,202412291,5,2024,1,89.04837582481697
1229,202412292,4,2024,1,102.2649053353462
1229,202412292,81,2024,1,102.15121170710762
1229,202412292,16,2024,1,102.48666907459206
1229,202412292,44,2024,1,102.27158937155788
1229,202412292,1,2024,1,101.6220461076113
1229,202412292,30,2024,1,102.27864653102674
1229,202412292,63,2024,1,102.24211068253197
1229,202412292,12,2024,1,102.37946540737369
1229,202412292,14,2024,1,102.35091410649578
1229,202412292,18,2024,1,102.71104260366789
1229,202412292,55,2024,1,102.04784050418068
1229,202412292,23,2024,1,102.5670453161357
1229,202412292,10,2024,1,102.05139946442205
1229,202412292,7,2024,1,102.36604279369209
1229,202412292,31,2024,1,102.52911912961244
1229,202412292,87,2024,1,102.47035041723372
1229,202412292,22,2024,1,102.4948127884244
1229,202412292,20,2024,1,102.6231837999229
1229,202412292,27,2024,1,102.31033359137268
1229,202412292,5,2024,1,102.73053222818608
1230,202412301,4,2024,1,88.30782053501082
1230,202412301,81,2024,1,88.30568075446153
1230,202412301,16,2024,1,88.26988006859891
1230,202412301,44,2024,1,88.27036098759737
1230,202412301,1,2024,1,88.31962927737344
1230,202412301,30,2024,1,88.33024380806832
1230,202412301,63,2024,1,88.31215236701973
1230,202412301,12,2024,1,88.31443156304672
1230,202412301,14,2024,1,88.4280606479829
1230,202412301,18,2024,1,88.42300084277386
1230,202412301,55,2024,1,88.37155008931032
1230,202412301,23,2024,1,88.38158129273462
1230,202412301,10,2024,1,88.51646285462317
1230,202412301,7,2024,1,88.51185825152947
1230,202412301,31,2024,1,88.52769494996393
1230,202412301,87,2024,1,88.54291304135978
1230,202412301,22,2024,1,88.51892029975572
1230,202412301,20,2024,1,88.51370241373152
1230,202412301,27,2024,1,88.63631519654703
1230,202412301,5,2024,1,88.63835337445774
1230,202412302,4,2024,1,101.66117164305595
1230,202412302,81,2024,1,101.54855218936687
1230,202412302,16,2024,1,101.55681677880776
1230,202412302,44,2024,1,101.42107889250344
1230,202412302,1,2024,1,101.36416829936734
1230,202412302,30,2024,1,101.70910260159356
1230,202412302,63,2024,1,101.88702560799474
1230,202412302,12,2024,1,102.00544560869713
1230,202412302,14,2024,1,101.7766573692885
1230,202412302,18,2024,1,102.54625911157959
1230,202412302,55,2024,1,101.48451139191444
1230,202412302,23,2024,1,102.20569125724323
1230,202412302,10,2024,1,101.83013014205842
1230,202412302,7,2024,1,102.46055872725165
1230,202412302,31,2024,1,102.09325822319992
1230,202412302,87,2024,1,102.01321300996308
1230,202412302,22,2024,1,102.28979951603
1230,202412302,20,2024,1,102.10321181483614
1230,202412302,27,2024,1,101.86345600790507
1230,202412302,5,2024,1,102.26955581528358
1231,202412311,4,2024,1,79.25121037079612
1231,202412311,81,2024,1,79.2514856221332
1231,202412311,16,2024,1,79.23737959529852
1231,202412311,44,2024,1,79.24154461541774
1231,202412311,1,2024,1,79.25341994630475
1231,202412311,30,2024,1,79.2483251361905
1231,202412311,63,2024,1,79.2802150616221
1231,202412311,12,2024,1,79.27817720560306
1231,202412311,14,2024,1,79.38568814806304
1231,202412311,18,2024,1,79.39113878422913
1231,202412311,55,2024,1,79.38561923068428
1231,202412311,23,2024,1,79.37459691455452
1231,202412311,10,2024,1,79.45509619026265
1231,202412311,7,2024,1,79.4587580109256
1231,202412311,31,2024,1,79.4957094045889
1231,202412311,87,2024,1,79.49093757284248
1231,202412311,22,2024,1,79.46754977135846
1231,202412311,20,2024,1,79.46590298708493
1231,202412311,27,2024,1,79.58824809666714
1231,202412311,5,2024,1,79.57257387241887
1231,202412312,4,2024,1,91.30632816931454
1231,202412312,81,2024,1,91.4721602324593
1231,202412312,16,2024,1,91.33614838869767
1231,202412312,44,2024,1,91.20871566352398
1231,202412312,1,2024,1,91.0963913611216
1231,202412312,30,2024,1,91.18185755458866
1231,202412312,63,2024,1,91.21516372939396
1231,202412312,12,2024,1,91.51715282234001
1231,202412312,14,2024,1,91.15889558316708
1231,202412312,18,2024,1,91.75693281061295
1231,202412312,55,2024,1,91.31734846964012
1231,202412312,23,2024,1,91.41745130912042
1231,202412312,10,2024,1,91.45714566446352
1231,202412312,7,2024,1,91.55164319284599
1231,202412312,31,2024,1,91.55228886814493
1231,202412312,87,2024,1,91.74584267303118
1231,202412312,22,2024,1,91.64849477034538
1231,202412312,20,2024,1,91.96591931941408
1231,202412312,27,2024,1,91.26435404859875
1231,202412312,5,2024,1,91.74103449471201
1232,202412321,4,2024,1,89.03627916670105
1232,202412321,81,2024,1,89.03730523416647
1232,202412321,16,2024,1,89.04873113262511
1232,202412321,44,2024,1,89.04876537054788
1232,202412321,1,2024,1,89.02538871231779
1232,202412321,30,2024,1,89.03450992860895
1232,202412321,63,2024,1,89.08345279678747
1232,202412321,12,2024,1,89.07104316475053
1232,202412321,14,2024,1,89.20942060105449
1232,202412321,18,2024,1,89.20293531905882
1232,202412321,55,2024,1,89.26260443062263
1232,202412321,23,2024,1,89.25811426924032
1232,202412321,10,2024,1,89.2782881691292
1232,202412321,7,2024,1,89.29285383909792
1232,202412321,31,2024,1,89.37548394682806
1232,202412321,87,2024,1,89.35206749343098
1232,202412321,22,2024,1,89.30728318981369
1232,202412321,20,2024,1,89.29941698594538
1232,202412321,27,2024,1,89.45961957264717
1232,202412321,5,2024,1,89.44573584943456
1232,202412322,4,2024,1,102.12301409627321
1232,202412322,81,2024,1,102.87400448421228
1232,202412322,16,2024,1,102.56419818131677
1232,202412322,44,2024,1,102.70616067924256
1232,202412322,1,2024,1,102.19200480961393
1232,202412322,30,2024,1,102.69587112211117
1232,202412322,63,2024,1,102.14410421596413
1232,202412322,12,2024,1,103.08802618521966
1232,202412322,14,2024,1,102.514941801677
1232,202412322,18,2024,1,103.18586524945717
1232,202412322,55,2024,1,103.16957648926481
1232,202412322,23,2024,1,102.59114407882737
1232,202412322,10,2024,1,102.8303717349535
1232,202412322,7,2024,1,102.77245982621882
1232,202412322,31,2024,1,103.00340598149491
1232,202412322,87,2024,1,103.19476096910495
1232,202412322,22,2024,1,102.68508844949629
1232,202412322,20,2024,1,103.15703321474533
1232,202412322,27,2024,1,102.8426379905622
1232,202412322,5,2024,1,103.1472804736575
1233,202412331,4,2024,1,93.54454868788906
1233,202412331,81,2024,1,93.54148703833651
1233,202412331,16,2024,1,93.5226299371214
1233,202412331,44,2024,1,93.52889682035084
1233,202412331,1,2024,1,93.54395288958034
1233,202412331,30,2024,1,93.53772047597421
1233,202412331,63,2024,1,93.57234790024219
1233,202412331,12,2024,1,93.57489023776691
1233,202412331,14,2024,1,93.69780206337727
1233,202412331,18,2024,1,93.71101389487079
1233,202412331,55,2024,1,93.6973057560776
1233,202412331,23,2024,1,93.6982568409474
1233,202412331,10,2024,1,93.77918212257923
1233,202412331,7,2024,1,93.77049497148946
1233,202412331,31,2024,1,93.8392913680043
1233,202412331,87,2024,1,93.84440466150612
1233,202412331,22,2024,1,93.7899600728377
1233,202412331,20,2024,1,93.7966566222416
1233,202412331,27,2024,1,93.92877386555261
1233,202412331,5,2024,1,93.93312822682032
1233,202412332,4,2024,1,108.08541964956476
1233,202412332,81,2024,1,107.63783845600994
1233,202412332,16,2024,1,107.54327704379695
1233,202412332,44,2024,1,107.67229973485064
1233,202412332,1,2024,1,107.43772578936711
1233,202412332,30,2024,1,108.08813424623165
1233,202412332,63,2024,1,108.02515612930124
1233,202412332,12,2024,1,108.20449969278985
1233,202412332,14,2024,1,107.79062914837051
1233,202412332,18,2024,1,108.01676000395493
1233,202412332,55,2024,1,108.09561705541272
1233,202412332,23,2024,1,108.23576422886178
1233,202412332,10,2024,1,107.80660244243147
1233,202412332,7,2024,1,108.21109158970519
1233,202412332,31,2024,1,108.20276177872694
1233,202412332,87,2024,1,108.44949525541058
1233,202412332,22,2024,1,107.94555992451137
1233,202412332,20,2024,1,108.25668148518852
1233,202412332,27,2024,1,108.05203867980866
1233,202412332,5,2024,1,108.22673020238214
1234,202412341,4,2024,1,87.85525527968697
1234,202412341,81,2024,1,87.86177871804118
1234,202412341,16,2024,1,87.83831252756579
1234,202412341,44,2024,1,87.84106270211466
1234,202412341,1,2024,1,87.85442589900376
1234,202412341,30,2024,1,87.8693983604779
1234,202412341,63,2024,1,87.87833724301737
1234,202412341,12,2024,1,87.88157049857284
1234,202412341,14,2024,1,87.99943938995693
1234,202412341,18,2024,1,88.00056953270656
1234,202412341,55,2024,1,87.99683267349995
1234,202412341,23,2024,1,88.00959708781876
1234,202412341,10,2024,1,88.08563272717443
1234,202412341,7,2024,1,88.07632710938849
1234,202412341,31,2024,1,88.13429238878204
1234,202412341,87,2024,1,88.13829227091234
1234,202412341,22,2024,1,88.0820229994503
1234,202412341,20,2024,1,88.08441681794538
1234,202412341,27,2024,1,88.2167798162964
1234,202412341,5,2024,1,88.22121411061298
1234,202412342,4,2024,1,101.19447609820512
1234,202412342,81,2024,1,101.29985968951273
1234,202412342,16,2024,1,101.49221983618001
1234,202412342,44,2024,1,101.49271386440473
1234,202412342,1,2024,1,101.04967170139163
1234,202412342,30,2024,1,101.261493687315
1234,202412342,63,2024,1,100.90092856878046
1234,202412342,12,2024,1,101.52643184739063
1234,202412342,14,2024,1,101.38263582416647
1234,202412342,18,2024,1,101.76527204201288
1234,202412342,55,2024,1,101.67407528099942
1234,202412342,23,2024,1,101.39041366336367
1234,202412342,10,2024,1,101.23439436157268
1234,202412342,7,2024,1,101.90089385361077
1234,202412342,31,2024,1,101.37715878292552
1234,202412342,87,2024,1,101.86938489014013
1234,202412342,22,2024,1,101.84442705101654
1234,202412342,20,2024,1,101.84101942875299
1234,202412342,27,2024,1,101.7616933758303
1234,202412342,5,2024,1,101.80005674565506
1235,202412351,4,2024,1,75.26826176373241
1235,202412351,81,2024,1,75.26501537277925
1235,202412351,16,2024,1,75.27855586061256
1235,202412351,44,2024,1,75.27966353010984
1235,202412351,1,2024,1,75.25813400598908
1235,202412351,30,2024,1,75.26205109944917
1235,202412351,63,2024,1,75.30883270431154
1235,202412351,12,2024,1,75.29809987697773
1235,202412351,14,2024,1,75.41555811099924
1235,202412351,18,2024,1,75.40907137537964
1235,202412351,55,2024,1,75.45824494201709
1235,202412351,23,2024,1,75.46038255396589
1235,202412351,10,2024,1,75.46966374117478
1235,202412351,7,2024,1,75.46879795796453
1235,202412351,31,2024,1,75.55880255449827
1235,202412351,87,2024,1,75.56426577293547
1235,202412351,22,2024,1,75.49634052593956
1235,202412351,20,2024,1,75.49641888400262
1235,202412351,27,2024,1,75.61548365018
1235,202412351,5,2024,1,75.62327532179373
1235,202412352,4,2024,1,86.84711891079031
1235,202412352,81,2024,1,86.7594989387061
1235,202412352,16,2024,1,86.9876214297123
1235,202412352,44,2024,1,86.70693915191764
1235,202412352,1,2024,1,86.92622968563505
1235,202412352,30,2024,1,86.97626228988142
1235,202412352,63,2024,1,86.71958377473342
1235,202412352,12,2024,1,86.84894478909875
1235,202412352,14,2024,1,86.70993143184145
1235,202412352,18,2024,1,86.963578159088
1235,202412352,55,2024,1,86.73145583955653
1235,202412352,23,2024,1,87.21049423885596
1235,202412352,10,2024,1,87.14006097403285
1235,202412352,7,2024,1,86.77034312734555
1235,202412352,31,2024,1,87.16229210922495
1235,202412352,87,2024,1,86.89007588471365
1235,202412352,22,2024,1,86.81441712382804
1235,202412352,20,2024,1,87.22742318347146
1235,202412352,27,2024,1,87.23326955424436
1235,202412352,5,2024,1,87.2430961403856
1236,202412361,4,2024,1,70.31261259507777
1236,202412361,81,2024,1,70.31629535549229
1236,202412361,16,2024,1,70.32535662373166
1236,202412361,44,2024,1,70.32465484564234
1236,202412361,1,2024,1,70.30568064315979
1236,202412361,30,2024,1,70.3169086209277
1236,202412361,63,2024,1,70.34599150867282
1236,202412361,12,2024,1,70.34926452382538
1236,202412361,14,2024,1,70.45280428475198
1236,202412361,18,2024,1,70.46326875330278
1236,202412361,55,2024,1,70.48648675413845
1236,202412361,23,2024,1,70.49561740519998
1236,202412361,10,2024,1,70.50908893049045
1236,202412361,7,2024,1,70.51095021947741
1236,202412361,31,2024,1,70.57413688166908
1236,202412361,87,2024,1,70.58344221412003
1236,202412361,22,2024,1,70.5279702843186
1236,202412361,20,2024,1,70.52889259894928
1236,202412361,27,2024,1,70.64638251511579
1236,202412361,5,2024,1,70.64626003185901
1236,202412362,4,2024,1,80.91514711597806
1236,202412362,81,2024,1,81.20502880453573
1236,202412362,16,2024,1,80.7403697882031
1236,202412362,44,2024,1,80.8135473754064
1236,202412362,1,2024,1,80.79784980270021
1236,202412362,30,2024,1,81.14901812529747
1236,202412362,63,2024,1,80.95743377072127
1236,202412362,12,2024,1,80.95469197570236
1236,202412362,14,2024,1,81.24877115800382
1236,202412362,18,2024,1,81.40562925773374
1236,202412362,55,2024,1,81.24593908189318
1236,202412362,23,2024,1,81.42882471932576
1236,202412362,10,2024,1,81.33070185270171
1236,202412362,7,2024,1,81.5621656951888
1236,202412362,31,2024,1,81.38401944607988
1236,202412362,87,2024,1,81.49377293629252
1236,202412362,22,2024,1,81.27980084566056
1236,202412362,20,2024,1,81.38301166999183
1236,202412362,27,2024,1,81.28449032270835
1236,202412362,5,2024,1,81.78425795774135
1237,202412371,4,2024,1,72.10883398353722
1237,202412371,81,2024,1,72.11067132773543
1237,202412371,16,2024,1,72.07294769355443
1237,202412371,44,2024,1,72.07221060543714
1237,202412371,1,2024,1,72.11324560044629
1237,202412371,30,2024,1,72.11090695936834
1237,202412371,63,2024,1,72.11036731881379
1237,202412371,12,2024,1,72.10162603609436
1237,202412371,14,2024,1,72.20445558059434
1237,202412371,18,2024,1,72.21444327545666
1237,202412371,55,2024,1,72.1532004654427
1237,202412371,23,2024,1,72.15724147589131
1237,202412371,10,2024,1,72.2827901545308
1237,202412371,7,2024,1,72.27675641606646
1237,202412371,31,2024,1,72.28954000027834
1237,202412371,87,2024,1,72.29785752667063
1237,202412371,22,2024,1,72.27211397977571
1237,202412371,20,2024,1,72.27936410690242
1237,202412371,27,2024,1,72.37020888115691
1237,202412371,5,2024,1,72.37598635655579
1237,202412372,4,2024,1,83.27668549580676
1237,202412372,81,2024,1,83.1062202731106
1237,202412372,16,2024,1,83.15697977513463
1237,202412372,44,2024,1,83.0432488481358
1237,202412372,1,2024,1,82.41346870801951
1237,202412372,30,2024,1,83.27603537095422
1237,202412372,63,2024,1,82.8866875206599
1237,202412372,12,2024,1,82.71234693577331
1237,202412372,14,2024,1,82.6557541706717
1237,202412372,18,2024,1,83.23942376086202
1237,202412372,55,2024,1,83.27909585727662
1237,202412372,23,2024,1,82.86907696971676
1237,202412372,10,2024,1,83.42314685134758
1237,202412372,7,2024,1,83.2094701310589
1237,202412372,31,2024,1,83.6047976118209
1237,202412372,87,2024,1,83.38278195156181
1237,202412372,22,2024,1,83.38883764652164
1237,202412372,20,2024,1,83.40098375264093
1237,202412372,27,2024,1,83.38396193931511
1237,202412372,5,2024,1,83.29331734844466
1238,202412381,4,2024,1,72.9495635631803
1238,202412381,81,2024,1,72.96007892834008
1238,202412381,16,2024,1,72.96373744826687
1238,202412381,44,2024,1,72.96696425595157
1238,202412381,1,2024,1,72.94656598436211
1238,202412381,30,2024,1,72.93168065060468
1238,202412381,63,2024,1,72.99931626396253
1238,202412381,12,2024,1,73.00081188622688
1238,202412381,14,2024,1,73.09703809538046
1238,202412381,18,2024,1,73.10520527537663
1238,202412381,55,2024,1,73.13800524941303
1238,202412381,23,2024,1,73.14113230336976
1238,202412381,10,2024,1,73.15478276451937
1238,202412381,7,2024,1,73.15380910455606
1238,202412381,31,2024,1,73.23439313481957
1238,202412381,87,2024,1,73.22815435549956
1238,202412381,22,2024,1,73.18063837433296
1238,202412381,20,2024,1,73.17565957503277
1238,202412381,27,2024,1,73.28462868268102
1238,202412381,5,2024,1,73.29826011748935
1238,202412382,4,2024,1,84.03467028415047
1238,202412382,81,2024,1,84.29699939629715
1238,202412382,16,2024,1,83.97386426086969
1238,202412382,44,2024,1,84.04491769160724
1238,202412382,1,2024,1,83.78449794970759
1238,202412382,30,2024,1,84.46784432271328
1238,202412382,63,2024,1,83.81056208426469
1238,202412382,12,2024,1,84.24511979426222
1238,202412382,14,2024,1,83.9527953858025
1238,202412382,18,2024,1,84.53158383487848
1238,202412382,55,2024,1,84.45000432129933
1238,202412382,23,2024,1,84.02775377588715
1238,202412382,10,2024,1,84.65569045897277
1238,202412382,7,2024,1,84.38792513140733
1238,202412382,31,2024,1,84.85930070969488
1238,202412382,87,2024,1,84.41899850162754
1238,202412382,22,2024,1,84.08003536621291
1238,202412382,20,2024,1,84.52146822458894
1238,202412382,27,2024,1,84.00930498208379
1238,202412382,5,2024,1,84.36460821850572
1239,202412391,4,2024,1,63.51163231730167
1239,202412391,81,2024,1,63.51252047886079
1239,202412391,16,2024,1,63.50659189294246
1239,202412391,44,2024,1,63.50422146444614
1239,202412391,1,2024,1,63.51578652541494
1239,202412391,30,2024,1,63.516994912203174
1239,202412391,63,2024,1,63.535423116408296
1239,202412391,12,2024,1,63.53548539488664
1239,202412391,14,2024,1,63.61798420481071
1239,202412391,18,2024,1,63.617197584502684
1239,202412391,55,2024,1,63.621953439577915
1239,202412391,23,2024,1,63.61378914919822
1239,202412391,10,2024,1,63.68445666936173
1239,202412391,7,2024,1,63.67653960167008
1239,202412391,31,2024,1,63.721948845602164
1239,202412391,87,2024,1,63.71376741319673
1239,202412391,22,2024,1,63.6839172713959
1239,202412391,20,2024,1,63.70100597023502
1239,202412391,27,2024,1,63.777403073239235
1239,202412391,5,2024,1,63.77505266874374
1239,202412392,4,2024,1,73.02065983238516
1239,202412392,81,2024,1,73.22115132857441
1239,202412392,16,2024,1,72.95842927358244
1239,202412392,44,2024,1,73.05871542142096
1239,202412392,1,2024,1,72.8032404653182
1239,202412392,30,2024,1,73.17694453704489
1239,202412392,63,2024,1,73.22199537668035
1239,202412392,12,2024,1,73.20278321659127
1239,202412392,14,2024,1,73.16276504493075
1239,202412392,18,2024,1,73.24525421970873
1239,202412392,55,2024,1,73.02754807467207
1239,202412392,23,2024,1,73.38349400111349
1239,202412392,10,2024,1,73.52792209701214
1239,202412392,7,2024,1,73.13294163886337
1239,202412392,31,2024,1,73.55983009035297
1239,202412392,87,2024,1,73.63469312809524
1239,202412392,22,2024,1,73.3848667363441
1239,202412392,20,2024,1,73.25081860459461
1239,202412392,27,2024,1,73.38014249235168
1239,202412392,5,2024,1,73.74858111469463
1240,202412401,4,2024,1,85.58978803173977
1240,202412401,81,2024,1,85.58570250477527
1240,202412401,16,2024,1,85.60168030808974
1240,202412401,44,2024,1,85.60158562665896
1240,202412401,1,2024,1,85.57890041327781
1240,202412401,30,2024,1,85.57797143732822
1240,202412401,63,2024,1,85.63610128196531
1240,202412401,12,2024,1,85.6379246935401
1240,202412401,14,2024,1,85.75572167146542
1240,202412401,18,2024,1,85.75791089020007
1240,202412401,55,2024,1,85.8036026660525
1240,202412401,23,2024,1,85.80888809651401
1240,202412401,10,2024,1,85.82128456977975
1240,202412401,7,2024,1,85.82467487872675
1240,202412401,31,2024,1,85.91975849595497
1240,202412401,87,2024,1,85.91311189187194
1240,202412401,22,2024,1,85.84362983196205
1240,202412401,20,2024,1,85.84845795882188
1240,202412401,27,2024,1,85.98939476566582
1240,202412401,5,2024,1,85.98724775428998
1240,202412402,4,2024,1,98.52618630488699
1240,202412402,81,2024,1,98.48019255760153
1240,202412402,16,2024,1,98.51089807291079
1240,202412402,44,2024,1,98.23787934866324
1240,202412402,1,2024,1,98.53433070610575
1240,202412402,30,2024,1,98.67871840822374
1240,202412402,63,2024,1,98.51192659713614
1240,202412402,12,2024,1,99.12064532837347
1240,202412402,14,2024,1,98.95741936022802
1240,202412402,18,2024,1,99.18156987326199
1240,202412402,55,2024,1,98.78716466094805
1240,202412402,23,2024,1,99.01180479637
1240,202412402,10,2024,1,98.9545013990601
1240,202412402,7,2024,1,98.94680944966717
1240,202412402,31,2024,1,99.13623617332033
1240,202412402,87,2024,1,99.39651334077152
1240,202412402,22,2024,1,98.7883229594949
1240,202412402,20,2024,1,98.74009095176956
1240,202412402,27,2024,1,99.20260385507763
1240,202412402,5,2024,1,99.13348137194637
1241,202412411,4,2024,1,77.00239394914308
1241,202412411,81,2024,1,77.00342518900207
1241,202412411,16,2024,1,77.02063219417742
1241,202412411,44,2024,1,77.01461093015028
1241,202412411,1,2024,1,76.9914590555038
1241,202412411,30,2024,1,77.0015459532127
1241,202412411,63,2024,1,77.0487209421869
1241,202412411,12,2024,1,77.03954427002478
1241,202412411,14,2024,1,77.15096860922633
1241,202412411,18,2024,1,77.17036216634865
1241,202412411,55,2024,1,77.1947979571201
1241,202412411,23,2024,1,77.19940647688276
1241,202412411,10,2024,1,77.21911214589723
1241,202412411,7,2024,1,77.20807161269677
1241,202412411,31,2024,1,77.28984735439488
1241,202412411,87,2024,1,77.29164787034613
1241,202412411,22,2024,1,77.24365008124748
1241,202412411,20,2024,1,77.2367157163868
1241,202412411,27,2024,1,77.35791889433092
1241,202412411,5,2024,1,77.35761360564175
1241,202412412,4,2024,1,88.44969683888408
1241,202412412,81,2024,1,88.65466132939075
1241,202412412,16,2024,1,88.92894741713712
1241,202412412,44,2024,1,88.78211950872442
1241,202412412,1,2024,1,88.61805025667057
1241,202412412,30,2024,1,88.47476442741596
1241,202412412,63,2024,1,88.63063390035478
1241,202412412,12,2024,1,89.05037614810828
1241,202412412,14,2024,1,88.37333055968979
1241,202412412,18,2024,1,89.00687258564119
1241,202412412,55,2024,1,89.1435412218921
1241,202412412,23,2024,1,89.20881073566024
1241,202412412,10,2024,1,89.23860780731016
1241,202412412,7,2024,1,89.15939155137683
1241,202412412,31,2024,1,88.88456560629372
1241,202412412,87,2024,1,89.0987905332291
1241,202412412,22,2024,1,88.82454481460876
1241,202412412,20,2024,1,89.28563269799288
1241,202412412,27,2024,1,88.94999004247497
1241,202412412,5,2024,1,89.41585568382958
1242,202412421,4,2024,1,103.04629433754114
1242,202412421,81,2024,1,103.04276965426831
1242,202412421,16,2024,1,102.998193459328
1242,202412421,44,2024,1,102.99831646882525
1242,202412421,1,2024,1,103.05415387780137
1242,202412421,30,2024,1,103.06062741321414
1242,202412421,63,2024,1,103.04634410537797
1242,202412421,12,2024,1,103.05671435480609
1242,202412421,14,2024,1,103.18332679440009
1242,202412421,18,2024,1,103.18663067607505
1242,202412421,55,2024,1,103.119925790945
1242,202412421,23,2024,1,103.11471029040418
1242,202412421,10,2024,1,103.28411602098654
1242,202412421,7,2024,1,103.2866087351217
1242,202412421,31,2024,1,103.30443625277107
1242,202412421,87,2024,1,103.30288053334458
1242,202412421,22,2024,1,103.27917142575804
1242,202412421,20,2024,1,103.25967409819349
1242,202412421,27,2024,1,103.42536412402228
1242,202412421,5,2024,1,103.41072234261343
1242,202412422,4,2024,1,118.38308757422888
1242,202412422,81,2024,1,118.26294727035494
1242,202412422,16,2024,1,118.93615921748798
1242,202412422,44,2024,1,118.60480930081864
1242,202412422,1,2024,1,118.30865745149605
1242,202412422,30,2024,1,118.7203805379691
1242,202412422,63,2024,1,118.65678959584957
1242,202412422,12,2024,1,118.80292417191609
1242,202412422,14,2024,1,118.70925009937173
1242,202412422,18,2024,1,119.13017781682143
1242,202412422,55,2024,1,119.2404937240197
1242,202412422,23,2024,1,118.98293962765169
1242,202412422,10,2024,1,119.08622724515075
1242,202412422,7,2024,1,119.25313451339395
1242,202412422,31,2024,1,119.07792601629177
1242,202412422,87,2024,1,118.98057858519033
1242,202412422,22,2024,1,118.7881039170029
1242,202412422,20,2024,1,118.70649504697964
1242,202412422,27,2024,1,119.14984397756167
1242,202412422,5,2024,1,119.51701150369676
1243,202412431,4,2024,1,69.74997990820108
1243,202412431,81,2024,1,69.74664126186835
1243,202412431,16,2024,1,69.75496596093849
1243,202412431,44,2024,1,69.76418573512636
1243,202412431,1,2024,1,69.74535240545742
1243,202412431,30,2024,1,69.74784447007879
1243,202412431,63,2024,1,69.7989521479678
1243,202412431,12,2024,1,69.80169009656377
1243,202412431,14,2024,1,69.8898923043368
1243,202412431,18,2024,1,69.90011836580692
1243,202412431,55,2024,1,69.92728080218038
1243,202412431,23,2024,1,69.93361977980516
1243,202412431,10,2024,1,69.93810541732336
1243,202412431,7,2024,1,69.94924130619933
1243,202412431,31,2024,1,70.01653646060082
1243,202412431,87,2024,1,70.03302910339654
1243,202412431,22,2024,1,69.97322811039434
1243,202412431,20,2024,1,69.95753027248756
1243,202412431,27,2024,1,70.07662241850461
1243,202412431,5,2024,1,70.07868070021607
1243,202412432,4,2024,1,80.48746880718502
1243,202412432,81,2024,1,80.05032523248167
1243,202412432,16,2024,1,80.31551564046224
1243,202412432,44,2024,1,80.2770585141199
1243,202412432,1,2024,1,80.16325666250869
1243,202412432,30,2024,1,80.40243333389552
1243,202412432,63,2024,1,80.23102666223541
1243,202412432,12,2024,1,80.63620796338958
1243,202412432,14,2024,1,80.37004620451417
1243,202412432,18,2024,1,80.62029871611416
1243,202412432,55,2024,1,80.49473931840205
1243,202412432,23,2024,1,80.63002990333102
1243,202412432,10,2024,1,80.51404398315083
1243,202412432,7,2024,1,80.67207957326971
1243,202412432,31,2024,1,80.59233963311333
1243,202412432,87,2024,1,80.791842909028
1243,202412432,22,2024,1,80.7691552445865
1243,202412432,20,2024,1,80.8012689816694
1243,202412432,27,2024,1,80.63896038466174
1243,202412432,5,2024,1,81.00583397570728
1244,202412441,4,2024,1,79.09917851238819
1244,202412441,81,2024,1,79.090314351888
1244,202412441,16,2024,1,79.05783731118814
1244,202412441,44,2024,1,79.05739497535046
1244,202412441,1,2024,1,79.10151573044686
1244,202412441,30,2024,1,79.09920153573825
1244,202412441,63,2024,1,79.09435535105212
1244,202412441,12,2024,1,79.09480184425692
1244,202412441,14,2024,1,79.20068856579469
1244,202412441,18,2024,1,79.2108194426927
1244,202412441,55,2024,1,79.1541801820665
1244,202412441,23,2024,1,79.14799811292514
1244,202412441,10,2024,1,79.2711024062567
1244,202412441,7,2024,1,79.27688678441913
1244,202412441,31,2024,1,79.29480738858452
1244,202412441,87,2024,1,79.29309474225639
1244,202412441,22,2024,1,79.27953200786702
1244,202412441,20,2024,1,79.27195086567389
1244,202412441,27,2024,1,79.3848904198224
1244,202412441,5,2024,1,79.38372495204243
1244,202412442,4,2024,1,90.79461996645388
1244,202412442,81,2024,1,91.13071770832958
1244,202412442,16,2024,1,91.16498561395285
1244,202412442,44,2024,1,90.77796425569056
1244,202412442,1,2024,1,90.88234059834468
1244,202412442,30,2024,1,91.29449900339878
1244,202412442,63,2024,1,91.31460325041255
1244,202412442,12,2024,1,91.41175109959457
1244,202412442,14,2024,1,90.91874101909235
1244,202412442,18,2024,1,91.48255246261347
1244,202412442,55,2024,1,91.38830507411558
1244,202412442,23,2024,1,91.48603428010577
1244,202412442,10,2024,1,91.19221116361692
1244,202412442,7,2024,1,91.13876341229475
1244,202412442,31,2024,1,91.17822226193931
1244,202412442,87,2024,1,91.93764114188632
1244,202412442,22,2024,1,91.45907390674193
1244,202412442,20,2024,1,91.49489764690433
1244,202412442,27,2024,1,91.37149522885687
1244,202412442,5,2024,1,91.81679824402455
1245,202412451,4,2024,1,100.63937637076772
1245,202412451,81,2024,1,100.64035285295218
1245,202412451,16,2024,1,100.59664545320341
1245,202412451,44,2024,1,100.59482747488185
1245,202412451,1,2024,1,100.64915237196789
1245,202412451,30,2024,1,100.65075108992556
1245,202412451,63,2024,1,100.64060322595752
1245,202412451,12,2024,1,100.64798905027621
1245,202412451,14,2024,1,100.77545696414741
1245,202412451,18,2024,1,100.7733266285355
1245,202412451,55,2024,1,100.71638429918289
1245,202412451,23,2024,1,100.70906439152074
1245,202412451,10,2024,1,100.88535336887006
1245,202412451,7,2024,1,100.88811907345125
1245,202412451,31,2024,1,100.88682578389334
1245,202412451,87,2024,1,100.90690108043522
1245,202412451,22,2024,1,100.87284640644364
1245,202412451,20,2024,1,100.86846396456235
1245,202412451,27,2024,1,101.01494944786506
1245,202412451,5,2024,1,101.00675420144705
1245,202412452,4,2024,1,116.02736839291177
1245,202412452,81,2024,1,116.014833405014
1245,202412452,16,2024,1,115.7503092024536
1245,202412452,44,2024,1,115.82333206974867
1245,202412452,1,2024,1,115.6429545166218
1245,202412452,30,2024,1,116.05700958555464
1245,202412452,63,2024,1,116.06269972992567
1245,202412452,12,2024,1,115.87803981428496
1245,202412452,14,2024,1,116.16150575904959
1245,202412452,18,2024,1,115.97650003272187
1245,202412452,55,2024,1,115.74576289974796
1245,202412452,23,2024,1,116.4681841199391
1245,202412452,10,2024,1,116.43119903090212
1245,202412452,7,2024,1,116.22487111156804
1245,202412452,31,2024,1,116.18164493765529
1245,202412452,87,2024,1,116.48909482673852
1245,202412452,22,2024,1,116.17368245257876
1245,202412452,20,2024,1,116.48000604187042
1245,202412452,27,2024,1,116.00830894329928
1245,202412452,5,2024,1,116.38647671918979
1246,202412461,4,2024,1,91.27811685294317
1246,202412461,81,2024,1,91.28248538495197
1246,202412461,16,2024,1,91.29230993504446
1246,202412461,44,2024,1,91.2916981375851
1246,202412461,1,2024,1,91.26825447036092
1246,202412461,30,2024,1,91.26500760131267
1246,202412461,63,2024,1,91.3300527373046
1246,202412461,12,2024,1,91.32937623742036
1246,202412461,14,2024,1,91.45677362839336
1246,202412461,18,2024,1,91.4642925010236
1246,202412461,55,2024,1,91.51070486834291
1246,202412461,23,2024,1,91.51042439852169
1246,202412461,10,2024,1,91.52778973149326
1246,202412461,7,2024,1,91.5327101780438
1246,202412461,31,2024,1,91.6201622975354
1246,202412461,87,2024,1,91.633603081947
1246,202412461,22,2024,1,91.55416373111822
1246,202412461,20,2024,1,91.5636689454586
1246,202412461,27,2024,1,91.70179080618526
1246,202412461,5,2024,1,91.71120342367824
1246,202412462,4,2024,1,105.15249282011419
1246,202412462,81,2024,1,105.2226451820269
1246,202412462,16,2024,1,105.08003308233789
1246,202412462,44,2024,1,104.88751645335468
1246,202412462,1,2024,1,105.03387837400959
1246,202412462,30,2024,1,105.51190226620461
1246,202412462,63,2024,1,105.22277754375651
1246,202412462,12,2024,1,105.43336923371437
1246,202412462,14,2024,1,104.92171175853542
1246,202412462,18,2024,1,105.69811993342306
1246,202412462,55,2024,1,105.46095119702596
1246,202412462,23,2024,1,105.07195209403206
1246,202412462,10,2024,1,105.76312547278461
1246,202412462,7,2024,1,105.76737753446888
1246,202412462,31,2024,1,105.54156712503838
1246,202412462,87,2024,1,105.48566264980157
1246,202412462,22,2024,1,105.59333338707071
1246,202412462,20,2024,1,105.52420484560639
1246,202412462,27,2024,1,105.370370104278
1246,202412462,5,2024,1,105.55786493078053
1247,202412471,4,2024,1,90.29213326846296
1247,202412471,81,2024,1,90.29386641923381
1247,202412471,16,2024,1,90.30430812344407
1247,202412471,44,2024,1,90.30363237363103
1247,202412471,1,2024,1,90.28035041236096
1247,202412471,30,2024,1,90.27857097575131
1247,202412471,63,2024,1,90.3378082437898
1247,202412471,12,2024,1,90.34182823266816
1247,202412471,14,2024,1,90.46692350105982
1247,202412471,18,2024,1,90.47103157719705
1247,202412471,55,2024,1,90.51570847547802
1247,202412471,23,2024,1,90.51890186275652
1247,202412471,10,2024,1,90.53037490893678
1247,202412471,7,2024,1,90.5423071547356
1247,202412471,31,2024,1,90.64065207947242
1247,202412471,87,2024,1,90.64042973721413
1247,202412471,22,2024,1,90.56636693401663
1247,202412471,20,2024,1,90.56568393515
1247,202412471,27,2024,1,90.71018958604553
1247,202412471,5,2024,1,90.71588720752695
1247,202412472,4,2024,1,103.93098531034887
1247,202412472,81,2024,1,103.95481887982609
1247,202412472,16,2024,1,104.1409892133002
1247,202412472,44,2024,1,103.93630692402944
1247,202412472,1,2024,1,103.58448613885191
1247,202412472,30,2024,1,104.22973115794066
1247,202412472,63,2024,1,103.76416931676816
1247,202412472,12,2024,1,104.21612048820845
1247,202412472,14,2024,1,104.3897116923253
1247,202412472,18,2024,1,104.59923789045153
1247,202412472,55,2024,1,104.28297969285069
1247,202412472,23,2024,1,104.278814126205
1247,202412472,10,2024,1,104.15601649843312
1247,202412472,7,2024,1,104.34813669900842
1247,202412472,31,2024,1,104.55383951085673
1247,202412472,87,2024,1,104.80297011931566
1247,202412472,22,2024,1,104.40539352371458
1247,202412472,20,2024,1,104.3607238504565
1247,202412472,27,2024,1,104.231868336224
1247,202412472,5,2024,1,104.67345478103915
1248,202412481,4,2024,1,75.64774224746778
1248,202412481,81,2024,1,75.64694809953986
1248,202412481,16,2024,1,75.65210069908963
1248,202412481,44,2024,1,75.65983826740559
1248,202412481,1,2024,1,75.63856375974107
1248,202412481,30,2024,1,75.63749325178834
1248,202412481,63,2024,1,75.69324526555373
1248,202412481,12,2024,1,75.68059062914803
1248,202412481,14,2024,1,75.79515549552458
1248,202412481,18,2024,1,75.79263582069825
1248,202412481,55,2024,1,75.84280351516283
1248,202412481,23,2024,1,75.84276645810797
1248,202412481,10,2024,1,75.8533607902356
1248,202412481,7,2024,1,75.84633573186323
1248,202412481,31,2024,1,75.94274799011606
1248,202412481,87,2024,1,75.93439627844715
1248,202412481,22,2024,1,75.87869433174394
1248,202412481,20,2024,1,75.87274914334597
1248,202412481,27,2024,1,76.00742521351415
1248,202412481,5,2024,1,76.00505151662605
1248,202412482,4,2024,1,87.24624300018192
1248,202412482,81,2024,1,87.24792382036689
1248,202412482,16,2024,1,87.08098829350998
1248,202412482,44,2024,1,87.16958036981431
1248,202412482,1,2024,1,86.6540723102096
1248,202412482,30,2024,1,87.28990002966826
1248,202412482,63,2024,1,86.75680026712878
1248,202412482,12,2024,1,87.04111090589291
1248,202412482,14,2024,1,87.33107823909891
1248,202412482,18,2024,1,87.37150690039572
1248,202412482,55,2024,1,87.41505055380193
1248,202412482,23,2024,1,87.4389600171813
1248,202412482,10,2024,1,87.48212100412215
1248,202412482,7,2024,1,87.36701789960794
1248,202412482,31,2024,1,87.55173619200978
1248,202412482,87,2024,1,87.71179057308679
1248,202412482,22,2024,1,87.57702582952926
1248,202412482,20,2024,1,87.61793699419127
1248,202412482,27,2024,1,87.52762011844568
1248,202412482,5,2024,1,87.64289885805962
1250,202412501,4,2024,1,68.10968758030593
1250,202412501,81,2024,1,68.10969833306952
1250,202412501,16,2024,1,68.09867485237415
1250,202412501,44,2024,1,68.09848724714637
1250,202412501,1,2024,1,68.10793874829079
1250,202412501,30,2024,1,68.10925272607084
1250,202412501,63,2024,1,68.13024698998095
1250,202412501,12,2024,1,68.12230259538316
1250,202412501,14,2024,1,68.2213013336567
1250,202412501,18,2024,1,68.21949197831758
1250,202412501,55,2024,1,68.21881069587499
1250,202412501,23,2024,1,68.21570203689097
1250,202412501,10,2024,1,68.28580235365861
1250,202412501,7,2024,1,68.27350405606896
1250,202412501,31,2024,1,68.32117031202073
1250,202412501,87,2024,1,68.31725305517456
1250,202412501,22,2024,1,68.28016712123917
1250,202412501,20,2024,1,68.28367452220223
1250,202412501,27,2024,1,68.38706350651398
1250,202412501,5,2024,1,68.39890253581174
1250,202412502,4,2024,1,78.42382831863871
1250,202412502,81,2024,1,78.97585357134204
1250,202412502,16,2024,1,78.21709250588715
1250,202412502,44,2024,1,78.33222363558762
1250,202412502,1,2024,1,77.79203336785795
1250,202412502,30,2024,1,78.76985975560689
1250,202412502,63,2024,1,78.75013142416314
1250,202412502,12,2024,1,78.80324860114928
1250,202412502,14,2024,1,78.70543697521268
1250,202412502,18,2024,1,78.74991325183743
1250,202412502,55,2024,1,78.7541000906794
1250,202412502,23,2024,1,78.45363003045027
1250,202412502,10,2024,1,78.51394988480457
1250,202412502,7,2024,1,78.6788408075107
1250,202412502,31,2024,1,78.4511932285839
1250,202412502,87,2024,1,78.41629955467816
1250,202412502,22,2024,1,78.65362420279432
1250,202412502,20,2024,1,78.84907560536638
1250,202412502,27,2024,1,78.74395586400018
1250,202412502,5,2024,1,78.72174276434335
1251,202412511,4,2024,1,92.35623831353587
1251,202412511,81,2024,1,92.36099660054495
1251,202412511,16,2024,1,92.31944766784349
1251,202412511,44,2024,1,92.31645257262674
1251,202412511,1,2024,1,92.37157339891414
1251,202412511,30,2024,1,92.36154229524718
1251,202412511,63,2024,1,92.36215075242464
1251,202412511,12,2024,1,92.36000228942893
1251,202412511,14,2024,1,92.48317494939485
1251,202412511,18,2024,1,92.48454843399352
1251,202412511,55,2024,1,92.42570848167902
1251,202412511,23,2024,1,92.4256675916942
1251,202412511,10,2024,1,92.57864290737939
1251,202412511,7,2024,1,92.56896139354885
1251,202412511,31,2024,1,92.58727193910894
1251,202412511,87,2024,1,92.59529107337607
1251,202412511,22,2024,1,92.57057648864155
1251,202412511,20,2024,1,92.58083071390331
1251,202412511,27,2024,1,92.70353215031884
1251,202412511,5,2024,1,92.7025777423609
1251,202412512,4,2024,1,106.41538227725896
1251,202412512,81,2024,1,105.911503682904
1251,202412512,16,2024,1,106.30326267853965
1251,202412512,44,2024,1,106.28190415422382
1251,202412512,1,2024,1,106.04581709083796
1251,202412512,30,2024,1,106.42327136510627
1251,202412512,63,2024,1,106.58122777528426
1251,202412512,12,2024,1,106.72566908299872
1251,202412512,14,2024,1,106.32155495254713
1251,202412512,18,2024,1,106.61158696524369
1251,202412512,55,2024,1,106.56480784746947
1251,202412512,23,2024,1,106.75110527369573
1251,202412512,10,2024,1,106.36205514534969
1251,202412512,7,2024,1,106.39498334861739
1251,202412512,31,2024,1,106.61134313563639
1251,202412512,87,2024,1,106.68535635443232
1251,202412512,22,2024,1,106.9599774641985
1251,202412512,20,2024,1,107.14240231465187
1251,202412512,27,2024,1,106.70958284193055
1251,202412512,5,2024,1,106.76675852760782
1252,202412521,4,2024,1,80.68093212712276
1252,202412521,81,2024,1,80.6859291669633
1252,202412521,16,2024,1,80.69672026731162
1252,202412521,44,2024,1,80.69629059325221
1252,202412521,1,2024,1,80.67326517105691
1252,202412521,30,2024,1,80.66679937332607
1252,202412521,63,2024,1,80.72956957853619
1252,202412521,12,2024,1,80.72911353839014
1252,202412521,14,2024,1,80.842486630006
1252,202412521,18,2024,1,80.84758474413731
1252,202412521,55,2024,1,80.88715131333484
1252,202412521,23,2024,1,80.89282594433921
1252,202412521,10,2024,1,80.89939714307194
1252,202412521,7,2024,1,80.91498882500338
1252,202412521,31,2024,1,80.9917354538434
1252,202412521,87,2024,1,80.99148875015929
1252,202412521,22,2024,1,80.92474497480048
1252,202412521,20,2024,1,80.93426771680026
1252,202412521,27,2024,1,81.05997228031579
1252,202412521,5,2024,1,81.06806088624649
1252,202412522,4,2024,1,92.93457310998019
1252,202412522,81,2024,1,93.16366246812848
1252,202412522,16,2024,1,93.30900886017082
1252,202412522,44,2024,1,92.85314421218807
1252,202412522,1,2024,1,92.31998263110268
1252,202412522,30,2024,1,93.03688757207627
1252,202412522,63,2024,1,92.59625187907702
1252,202412522,12,2024,1,93.4019187784968
1252,202412522,14,2024,1,92.87100827384096
1252,202412522,18,2024,1,93.18507759301573
1252,202412522,55,2024,1,93.2087344941263
1252,202412522,23,2024,1,93.27450659716231
1252,202412522,10,2024,1,93.0709304017732
1252,202412522,7,2024,1,93.42147056269746
1252,202412522,31,2024,1,93.13807006672107
1252,202412522,87,2024,1,93.60668669181437
1252,202412522,22,2024,1,93.30047352822884
1252,202412522,20,2024,1,93.36373055693889
1252,202412522,27,2024,1,93.43777744415148
1252,202412522,5,2024,1,93.07100565713128
1253,202412531,4,2024,1,82.74936793523979
1253,202412531,81,2024,1,82.74509951306933
1253,202412531,16,2024,1,82.73366298726518
1253,202412531,44,2024,1,82.73199065503728
1253,202412531,1,2024,1,82.74496929420015
1253,202412531,30,2024,1,82.75343892322871
1253,202412531,63,2024,1,82.77576377624005
1253,202412531,12,2024,1,82.76825947154184
1253,202412531,14,2024,1,82.88199019129216
1253,202412531,18,2024,1,82.878444903826
1253,202412531,55,2024,1,82.87486038066098
1253,202412531,23,2024,1,82.87965119770533
1253,202412531,10,2024,1,82.95168464326585
1253,202412531,7,2024,1,82.95535082930922
1253,202412531,31,2024,1,83.0082377697974
1253,202412531,87,2024,1,83.01203041047492
1253,202412531,22,2024,1,82.97497636525185
1253,202412531,20,2024,1,82.96917978040672
1253,202412531,27,2024,1,83.09432924015049
1253,202412531,5,2024,1,83.10392607950713
1253,202412532,4,2024,1,95.27124106705106
1253,202412532,81,2024,1,95.23009619753678
1253,202412532,16,2024,1,95.24424555514527
1253,202412532,44,2024,1,95.57820766783398
1253,202412532,1,2024,1,95.32636292344085
1253,202412532,30,2024,1,95.36734957238123
1253,202412532,63,2024,1,95.15303017892043
1253,202412532,12,2024,1,95.7563039559219
1253,202412532,14,2024,1,95.4092446151384
1253,202412532,18,2024,1,95.81500069136506
1253,202412532,55,2024,1,95.77057377197009
1253,202412532,23,2024,1,95.51279704817264
1253,202412532,10,2024,1,96.08597265011916
1253,202412532,7,2024,1,95.70445585978163
1253,202412532,31,2024,1,95.51588642449887
1253,202412532,87,2024,1,95.96231077686838
1253,202412532,22,2024,1,95.73621488046442
1253,202412532,20,2024,1,95.69596716021157
1253,202412532,27,2024,1,95.35064355338669
1253,202412532,5,2024,1,95.81747896218934
