session_key,meeting_key,driver_number,lap_number,gap_to_leader,interval
202312291,1229,16,1,0.0,0.0
202312291,1229,44,1,0.183,0.183
202312291,1229,4,1,0.55,0.367
202312291,1229,81,1,0.677,0.126
202312291,1229,1,1,0.938,0.261
202312291,1229,30,1,1.055,0.117
202312291,1229,63,1,1.263,0.208
202312291,1229,12,1,1.755,0.492
202312291,1229,14,1,2.241,0.486
202312291,1229,18,1,2.738,0.496
202312291,1229,55,1,3.1,0.363
202312291,1229,23,1,3.32,0.22
202312291,1229,10,1,3.672,0.352
202312291,1229,7,1,4.054,0.381
202312291,1229,22,1,4.314,0.261
202312291,1229,20,1,4.534,0.219
202312291,1229,31,1,4.825,0.292
202312291,1229,87,1,5.127,0.302
202312291,1229,27,1,5.249,0.122
202312291,1229,5,1,5.355,0.106
202312291,1229,16,2,0.0,0.0
202312291,1229,44,2,0.918,0.918
202312291,1229,4,2,1.512,0.594
202312291,1229,81,2,2.405,0.893
202312291,1229,1,2,3.294,0.889
202312291,1229,30,2,4.219,0.925
202312291,1229,63,2,4.792,0.573
202312291,1229,12,2,5.589,0.797
202312291,1229,14,2,6.488,0.899
202312291,1229,18,2,7.191,0.703
202312291,1229,55,2,7.604,0.413
202312291,1229,23,2,7.869,0.265
202312291,1229,10,2,8.766,0.896
202312291,1229,7,2,9.342,0.577
202312291,1229,22,2,9.604,0.262
202312291,1229,20,2,10.424,0.82
202312291,1229,31,2,11.106,0.682
202312291,1229,87,2,11.315,0.209
202312291,1229,27,2,11.958,0.643
202312291,1229,5,2,12.477,0.519
202312291,1229,16,3,0.0,0.0
202312291,1229,44,3,0.583,0.583
202312291,1229,4,3,1.268,0.685
202312291,1229,81,3,1.813,0.545
202312291,1229,1,3,2.142,0.328
202312291,1229,30,3,3.437,1.295
202312291,1229,63,3,4.354,0.918
202312291,1229,12,3,5.345,0.991
202312291,1229,14,3,6.325,0.98
202312291,1229,18,3,7.129,0.804
202312291,1229,55,3,7.996,0.866
202312291,1229,23,3,9.022,1.027
202312291,1229,10,3,9.649,0.627
202312291,1229,7,3,10.83,1.181
202312291,1229,22,3,11.141,0.311
202312291,1229,20,3,11.933,0.792
202312291,1229,31,3,13.14,1.207
202312291,1229,87,3,14.284,1.144
202312291,1229,27,3,15.202,0.918
202312291,1229,5,3,16.111,0.909
202312291,1229,16,4,0.0,0.0
202312291,1229,44,4,0.417,0.417
202312291,1229,4,4,0.825,0.408
202312291,1229,81,4,2.439,1.614
202312291,1229,1,4,3.452,1.014
202312291,1229,30,4,3.862,0.409
202312291,1229,63,4,5.512,1.65
202312291,1229,12,4,6.002,0.489
202312291,1229,14,4,7.072,1.071
202312291,1229,18,4,8.083,1.011
202312291,1229,55,4,9.261,1.178
202312291,1229,23,4,10.166,0.905
202312291,1229,10,4,10.897,0.73
202312291,1229,7,4,12.128,1.231
202312291,1229,22,4,13.168,1.04
202312291,1229,20,4,14.207,1.039
202312291,1229,31,4,16.125,1.919
202312291,1229,87,4,16.707,0.582
202312291,1229,27,4,18.024,1.317
202312291,1229,5,4,19.36,1.335
202312291,1229,16,5,0.0,0.0
202312291,1229,44,5,0.976,0.976
202312291,1229,4,5,1.886,0.91
202312291,1229,81,5,3.235,1.35
202312291,1229,1,5,4.124,0.888
202312291,1229,30,5,5.713,1.59
202312291,1229,63,5,6.852,1.138
202312291,1229,12,5,9.195,2.343
202312291,1229,14,5,9.76,0.565
202312291,1229,18,5,10.583,0.823
202312291,1229,55,5,11.366,0.783
202312291,1229,23,5,12.733,1.367
202312291,1229,10,5,13.334,0.601
202312291,1229,7,5,15.28,1.945
202312291,1229,22,5,17.279,1.999
202312291,1229,20,5,19.2,1.921
202312291,1229,31,5,20.468,1.268
202312291,1229,87,5,21.615,1.147
202312291,1229,27,5,23.371,1.756
202312291,1229,5,5,24.133,0.761
202312301,1230,16,1,0.0,0.0
202312301,1230,44,1,0.198,0.198
202312301,1230,4,1,0.472,0.274
202312301,1230,81,1,0.579,0.107
202312301,1230,1,1,1.052,0.472
202312301,1230,30,1,1.288,0.236
202312301,1230,63,1,1.601,0.314
202312301,1230,12,1,2.022,0.421
202312301,1230,14,1,2.146,0.124
202312301,1230,18,1,2.321,0.174
202312301,1230,55,1,2.7,0.38
202312301,1230,23,1,3.07,0.37
202312301,1230,10,1,3.215,0.145
202312301,1230,7,1,3.644,0.428
202312301,1230,22,1,3.829,0.185
202312301,1230,20,1,4.114,0.285
202312301,1230,31,1,4.469,0.355
202312301,1230,87,1,4.947,0.478
202312301,1230,27,1,5.261,0.314
202312301,1230,5,1,5.754,0.494
202312301,1230,16,2,0.0,0.0
202312301,1230,44,2,0.369,0.369
202312301,1230,4,2,0.637,0.268
202312301,1230,81,2,0.897,0.261
202312301,1230,1,2,1.128,0.231
202312301,1230,30,2,1.85,0.722
202312301,1230,63,2,2.655,0.805
202312301,1230,12,2,3.0,0.345
202312301,1230,14,2,3.804,0.804
202312301,1230,18,2,4.17,0.366
202312301,1230,55,2,4.603,0.433
202312301,1230,23,2,5.585,0.982
202312301,1230,10,2,6.34,0.755
202312301,1230,7,2,6.878,0.538
202312301,1230,22,2,7.183,0.305
202312301,1230,20,2,7.809,0.626
202312301,1230,31,2,8.511,0.702
202312301,1230,87,2,9.236,0.724
202312301,1230,27,2,9.442,0.206
202312301,1230,5,2,9.997,0.555
202312301,1230,16,3,0.0,0.0
202312301,1230,44,3,1.183,1.183
202312301,1230,4,3,1.687,0.504
202312301,1230,81,3,2.576,0.889
202312301,1230,1,3,2.965,0.39
202312301,1230,30,3,4.367,1.401
202312301,1230,63,3,5.826,1.46
202312301,1230,12,3,6.493,0.667
202312301,1230,14,3,7.255,0.761
202312301,1230,18,3,8.011,0.756
202312301,1230,55,3,8.715,0.704
202312301,1230,23,3,9.886,1.171
202312301,1230,10,3,10.52,0.635
202312301,1230,7,3,11.768,1.248
202312301,1230,22,3,12.431,0.663
202312301,1230,20,3,12.735,0.304
202312301,1230,31,3,14.19,1.455
202312301,1230,87,3,15.221,1.031
202312301,1230,27,3,16.543,1.322
202312301,1230,5,3,16.9,0.357
202312301,1230,16,4,0.0,0.0
202312301,1230,44,4,1.016,1.016
202312301,1230,4,4,1.91,0.894
202312301,1230,81,4,3.045,1.136
202312301,1230,1,4,4.721,1.675
202312301,1230,30,4,6.153,1.432
202312301,1230,63,4,7.68,1.527
202312301,1230,12,4,8.379,0.699
202312301,1230,14,4,9.818,1.439
202312301,1230,18,4,10.51,0.693
202312301,1230,55,4,11.213,0.703
202312301,1230,23,4,12.303,1.09
202312301,1230,10,4,14.048,1.745
202312301,1230,7,4,15.381,1.334
202312301,1230,22,4,16.378,0.997
202312301,1230,20,4,16.8,0.421
202312301,1230,31,4,18.651,1.852
202312301,1230,87,4,20.552,1.901
202312301,1230,27,4,22.117,1.565
202312301,1230,5,4,23.269,1.152
202312301,1230,16,5,0.0,0.0
202312301,1230,44,5,1.448,1.448
202312301,1230,4,5,2.917,1.469
202312301,1230,81,5,5.342,2.425
202312301,1230,1,5,5.932,0.59
202312301,1230,30,5,6.904,0.971
202312301,1230,63,5,8.593,1.689
202312301,1230,12,5,9.722,1.129
202312301,1230,14,5,11.721,1.999
202312301,1230,18,5,14.079,2.358
202312301,1230,55,5,15.099,1.02
202312301,1230,23,5,15.696,0.597
202312301,1230,10,5,17.576,1.88
202312301,1230,7,5,19.219,1.643
202312301,1230,22,5,19.902,0.683
202312301,1230,20,5,20.807,0.905
202312301,1230,31,5,22.651,1.844
202312301,1230,87,5,23.405,0.754
202312301,1230,27,5,25.534,2.129
202312301,1230,5,5,26.79,1.257
202312311,1231,16,1,0.0,0.0
202312311,1231,44,1,0.128,0.128
202312311,1231,4,1,0.466,0.338
202312311,1231,81,1,0.964,0.497
202312311,1231,1,1,1.277,0.313
202312311,1231,30,1,1.417,0.139
202312311,1231,63,1,1.673,0.256
202312311,1231,12,1,2.12,0.447
202312311,1231,14,1,2.408,0.289
202312311,1231,18,1,2.896,0.488
202312311,1231,55,1,3.123,0.227
202312311,1231,23,1,3.26,0.137
202312311,1231,10,1,3.691,0.431
202312311,1231,7,1,3.853,0.162
202312311,1231,22,1,4.161,0.308
202312311,1231,20,1,4.344,0.183
202312311,1231,31,1,4.462,0.119
202312311,1231,87,1,4.729,0.267
202312311,1231,27,1,4.954,0.225
202312311,1231,5,1,5.131,0.177
202312311,1231,16,2,0.0,0.0
202312311,1231,44,2,0.446,0.446
202312311,1231,4,2,1.062,0.615
202312311,1231,81,2,1.757,0.696
202312311,1231,1,2,2.197,0.44
202312311,1231,30,2,2.404,0.207
202312311,1231,63,2,3.07,0.667
202312311,1231,12,2,4.032,0.962
202312311,1231,14,2,4.562,0.53
202312311,1231,18,2,4.815,0.254
202312311,1231,55,2,5.39,0.575
202312311,1231,23,2,5.862,0.472
202312311,1231,10,2,6.743,0.881
202312311,1231,7,2,7.506,0.763
202312311,1231,22,2,8.1,0.594
202312311,1231,20,2,8.94,0.84
202312311,1231,31,2,9.322,0.382
202312311,1231,87,2,9.697,0.375
202312311,1231,27,2,10.601,0.904
202312311,1231,5,2,10.822,0.221
202312311,1231,16,3,0.0,0.0
202312311,1231,44,3,0.995,0.995
202312311,1231,4,3,1.315,0.32
202312311,1231,81,3,2.813,1.499
202312311,1231,1,3,3.907,1.094
202312311,1231,30,3,4.46,0.552
202312311,1231,63,3,4.762,0.302
202312311,1231,12,3,5.161,0.399
202312311,1231,14,3,5.817,0.656
202312311,1231,18,3,6.581,0.764
202312311,1231,55,3,7.755,1.174
202312311,1231,23,3,8.508,0.752
202312311,1231,10,3,9.068,0.56
202312311,1231,7,3,9.616,0.548
202312311,1231,22,3,10.638,1.021
202312311,1231,20,3,11.383,0.745
202312311,1231,31,3,12.23,0.847
202312311,1231,87,3,13.194,0.964
202312311,1231,27,3,13.63,0.435
202312311,1231,5,3,14.58,0.951
202312311,1231,16,4,0.0,0.0
202312311,1231,44,4,1.234,1.234
202312311,1231,4,4,1.783,0.549
202312311,1231,81,4,2.705,0.922
202312311,1231,1,4,3.359,0.655
202312311,1231,30,4,4.248,0.888
202312311,1231,63,4,6.066,1.818
202312311,1231,12,4,6.868,0.802
202312311,1231,14,4,7.631,0.763
202312311,1231,18,4,8.761,1.13
202312311,1231,55,4,9.194,0.433
202312311,1231,23,4,10.529,1.335
202312311,1231,10,4,12.223,1.695
202312311,1231,7,4,12.858,0.634
202312311,1231,22,4,13.649,0.791
202312311,1231,20,4,14.716,1.068
202312311,1231,31,4,15.951,1.235
202312311,1231,87,4,16.378,0.427
202312311,1231,27,4,17.805,1.427
202312311,1231,5,4,19.033,1.228
202312311,1231,16,5,0.0,0.0
202312311,1231,44,5,0.771,0.771
202312311,1231,4,5,2.478,1.707
202312311,1231,81,5,3.707,1.228
202312311,1231,1,5,4.397,0.69
202312311,1231,30,5,6.443,2.046
202312311,1231,63,5,6.997,0.554
202312311,1231,12,5,7.557,0.559
202312311,1231,14,5,9.986,2.43
202312311,1231,18,5,11.966,1.98
202312311,1231,55,5,12.603,0.637
202312311,1231,23,5,13.879,1.276
202312311,1231,10,5,15.848,1.97
202312311,1231,7,5,16.659,0.811
202312311,1231,22,5,18.183,1.523
202312311,1231,20,5,18.822,0.639
202312311,1231,31,5,20.007,1.185
202312311,1231,87,5,21.608,1.601
202312311,1231,27,5,22.613,1.006
202312311,1231,5,5,24.414,1.8
202312321,1232,16,1,0.0,0.0
202312321,1232,44,1,0.303,0.303
202312321,1232,4,1,0.587,0.284
202312321,1232,81,1,0.872,0.286
202312321,1232,1,1,1.068,0.196
202312321,1232,30,1,1.296,0.228
202312321,1232,63,1,1.673,0.377
202312321,1232,12,1,1.783,0.11
202312321,1232,14,1,1.972,0.189
202312321,1232,18,1,2.373,0.401
202312321,1232,55,1,2.753,0.38
202312321,1232,23,1,2.89,0.137
202312321,1232,10,1,3.369,0.478
202312321,1232,7,1,3.792,0.424
202312321,1232,22,1,4.198,0.406
202312321,1232,20,1,4.412,0.214
202312321,1232,31,1,4.542,0.13
202312321,1232,87,1,4.668,0.126
202312321,1232,27,1,5.044,0.376
202312321,1232,5,1,5.284,0.24
202312321,1232,16,2,0.0,0.0
202312321,1232,44,2,0.78,0.78
202312321,1232,4,2,1.121,0.341
202312321,1232,81,2,1.656,0.535
202312321,1232,1,2,2.181,0.524
202312321,1232,30,2,3.056,0.875
202312321,1232,63,2,3.488,0.432
202312321,1232,12,2,3.822,0.334
202312321,1232,14,2,4.088,0.266
202312321,1232,18,2,4.538,0.45
202312321,1232,55,2,5.067,0.528
202312321,1232,23,2,5.486,0.419
202312321,1232,10,2,5.925,0.439
202312321,1232,7,2,6.673,0.748
202312321,1232,22,2,6.95,0.277
202312321,1232,20,2,7.48,0.53
202312321,1232,31,2,8.403,0.923
202312321,1232,87,2,8.674,0.271
202312321,1232,27,2,8.912,0.239
202312321,1232,5,2,9.585,0.673
202312321,1232,16,3,0.0,0.0
202312321,1232,44,3,1.275,1.275
202312321,1232,4,3,1.811,0.536
202312321,1232,81,3,2.251,0.44
202312321,1232,1,3,3.215,0.964
202312321,1232,30,3,4.108,0.893
202312321,1232,63,3,4.609,0.501
202312321,1232,12,3,5.635,1.026
202312321,1232,14,3,6.944,1.309
202312321,1232,18,3,7.692,0.747
202312321,1232,55,3,8.411,0.719
202312321,1232,23,3,8.985,0.574
202312321,1232,10,3,10.423,1.438
202312321,1232,7,3,11.188,0.764
202312321,1232,22,3,12.193,1.005
202312321,1232,20,3,13.355,1.163
202312321,1232,31,3,14.847,1.492
202312321,1232,87,3,15.292,0.445
202312321,1232,27,3,16.656,1.363
202312321,1232,5,3,18.117,1.461
202312321,1232,16,4,0.0,0.0
202312321,1232,44,4,1.462,1.462
202312321,1232,4,4,3.434,1.972
202312321,1232,81,4,4.267,0.834
202312321,1232,1,4,5.809,1.542
202312321,1232,30,4,7.027,1.218
202312321,1232,63,4,8.868,1.841
202312321,1232,12,4,9.363,0.495
202312321,1232,14,4,9.955,0.592
202312321,1232,18,4,11.344,1.389
202312321,1232,55,4,11.946,0.603
202312321,1232,23,4,12.544,0.597
202312321,1232,10,4,13.373,0.83
202312321,1232,7,4,15.087,1.714
202312321,1232,22,4,16.992,1.905
202312321,1232,20,4,18.774,1.783
202312321,1232,31,4,19.363,0.589
202312321,1232,87,4,20.949,1.586
202312321,1232,27,4,21.575,0.626
202312321,1232,5,4,22.424,0.849
202312321,1232,16,5,0.0,0.0
202312321,1232,44,5,0.728,0.728
202312321,1232,4,5,3.224,2.496
202312321,1232,81,5,4.987,1.763
202312321,1232,1,5,5.793,0.806
202312321,1232,30,5,6.869,1.076
202312321,1232,63,5,8.636,1.767
202312321,1232,12,5,9.167,0.531
202312321,1232,14,5,10.437,1.27
202312321,1232,18,5,11.272,0.834
202312321,1232,55,5,13.262,1.99
202312321,1232,23,5,14.26,0.998
202312321,1232,10,5,15.726,1.466
202312321,1232,7,5,17.028,1.302
202312321,1232,22,5,18.148,1.12
202312321,1232,20,5,20.029,1.88
202312321,1232,31,5,21.2,1.171
202312321,1232,87,5,22.612,1.412
202312321,1232,27,5,23.945,1.333
202312321,1232,5,5,25.198,1.253
202312331,1233,16,1,0.0,0.0
202312331,1233,44,1,0.146,0.146
202312331,1233,4,1,0.373,0.227
202312331,1233,81,1,0.505,0.132
202312331,1233,1,1,0.697,0.192
202312331,1233,30,1,0.984,0.287
202312331,1233,63,1,1.365,0.381
202312331,1233,12,1,1.704,0.34
202312331,1233,14,1,1.986,0.282
202312331,1233,18,1,2.19,0.204
202312331,1233,55,1,2.448,0.258
202312331,1233,23,1,2.903,0.454
202312331,1233,10,1,3.182,0.28
202312331,1233,7,1,3.508,0.326
202312331,1233,22,1,3.832,0.324
202312331,1233,20,1,3.978,0.146
202312331,1233,31,1,4.427,0.449
202312331,1233,87,1,4.697,0.27
202312331,1233,27,1,5.082,0.385
202312331,1233,5,1,5.449,0.366
202312331,1233,16,2,0.0,0.0
202312331,1233,44,2,0.696,0.696
202312331,1233,4,2,1.02,0.324
202312331,1233,81,2,1.458,0.438
202312331,1233,1,2,2.107,0.649
202312331,1233,30,2,2.814,0.708
202312331,1233,63,2,3.477,0.663
202312331,1233,12,2,4.245,0.767
202312331,1233,14,2,4.912,0.667
202312331,1233,18,2,5.178,0.266
202312331,1233,55,2,5.578,0.4
202312331,1233,23,2,5.873,0.295
202312331,1233,10,2,6.2,0.327
202312331,1233,7,2,7.142,0.942
202312331,1233,22,2,7.41,0.268
202312331,1233,20,2,8.362,0.952
202312331,1233,31,2,8.822,0.461
202312331,1233,87,2,9.202,0.38
202312331,1233,27,2,9.409,0.207
202312331,1233,5,2,10.03,0.62
202312331,1233,16,3,0.0,0.0
202312331,1233,44,3,0.697,0.697
202312331,1233,4,3,1.402,0.705
202312331,1233,81,3,2.875,1.472
202312331,1233,1,3,3.182,0.308
202312331,1233,30,3,3.491,0.309
202312331,1233,63,3,4.456,0.965
202312331,1233,12,3,5.098,0.642
202312331,1233,14,3,6.171,1.073
202312331,1233,18,3,6.906,0.735
202312331,1233,55,3,7.981,1.075
202312331,1233,23,3,8.3,0.318
202312331,1233,10,3,9.602,1.302
202312331,1233,7,3,10.624,1.022
202312331,1233,22,3,11.833,1.209
202312331,1233,20,3,12.57,0.737
202312331,1233,31,3,13.545,0.975
202312331,1233,87,3,14.017,0.472
202312331,1233,27,3,15.335,1.318
202312331,1233,5,3,16.427,1.093
202312331,1233,16,4,0.0,0.0
202312331,1233,44,4,0.834,0.834
202312331,1233,4,4,2.143,1.309
202312331,1233,81,4,3.999,1.856
202312331,1233,1,4,5.753,1.754
202312331,1233,30,4,7.167,1.415
202312331,1233,63,4,7.819,0.652
202312331,1233,12,4,8.381,0.562
202312331,1233,14,4,9.73,1.349
202312331,1233,18,4,11.145,1.415
202312331,1233,55,4,11.785,0.64
202312331,1233,23,4,12.311,0.526
202312331,1233,10,4,13.489,1.178
202312331,1233,7,4,13.925,0.437
202312331,1233,22,4,14.404,0.479
202312331,1233,20,4,16.365,1.961
202312331,1233,31,4,17.119,0.753
202312331,1233,87,4,18.524,1.405
202312331,1233,27,4,19.73,1.206
202312331,1233,5,4,21.153,1.423
202312331,1233,16,5,0.0,0.0
202312331,1233,44,5,0.986,0.986
202312331,1233,4,5,2.587,1.6
202312331,1233,81,5,3.577,0.991
202312331,1233,1,5,4.406,0.829
202312331,1233,30,5,5.595,1.189
202312331,1233,63,5,7.308,1.713
202312331,1233,12,5,8.139,0.831
202312331,1233,14,5,9.59,1.451
202312331,1233,18,5,11.192,1.601
202312331,1233,55,5,13.322,2.13
202312331,1233,23,5,14.978,1.656
202312331,1233,10,5,16.388,1.41
202312331,1233,7,5,18.448,2.06
202312331,1233,22,5,19.742,1.294
202312331,1233,20,5,20.68,0.937
202312331,1233,31,5,21.298,0.619
202312331,1233,87,5,21.954,0.656
202312331,1233,27,5,24.253,2.299
202312331,1233,5,5,25.658,1.405
202312341,1234,16,1,0.0,0.0
202312341,1234,44,1,0.101,0.101
202312341,1234,4,1,0.559,0.458
202312341,1234,81,1,0.791,0.232
202312341,1234,1,1,1.207,0.416
202312341,1234,30,1,1.388,0.18
202312341,1234,63,1,1.617,0.23
202312341,1234,12,1,1.813,0.196
202312341,1234,14,1,2.17,0.356
202312341,1234,18,1,2.408,0.239
202312341,1234,55,1,2.588,0.18
202312341,1234,23,1,3.078,0.49
202312341,1234,10,1,3.522,0.444
202312341,1234,7,1,3.743,0.22
202312341,1234,22,1,3.876,0.133
202312341,1234,20,1,4.056,0.179
202312341,1234,31,1,4.369,0.314
202312341,1234,87,1,4.803,0.434
202312341,1234,27,1,5.255,0.452
202312341,1234,5,1,5.492,0.237
202312341,1234,16,2,0.0,0.0
202312341,1234,44,2,0.689,0.689
202312341,1234,4,2,1.675,0.987
202312341,1234,81,2,2.01,0.335
202312341,1234,1,2,2.312,0.302
202312341,1234,30,2,3.287,0.975
202312341,1234,63,2,3.708,0.421
202312341,1234,12,2,4.439,0.731
202312341,1234,14,2,5.077,0.638
202312341,1234,18,2,5.294,0.218
202312341,1234,55,2,6.266,0.972
202312341,1234,23,2,6.814,0.548
202312341,1234,10,2,7.261,0.446
202312341,1234,7,2,7.551,0.29
202312341,1234,22,2,8.494,0.943
202312341,1234,20,2,9.444,0.95
202312341,1234,31,2,9.792,0.348
202312341,1234,87,2,10.254,0.462
202312341,1234,27,2,11.028,0.774
202312341,1234,5,2,11.78,0.752
202312341,1234,16,3,0.0,0.0
202312341,1234,44,3,0.977,0.977
202312341,1234,4,3,2.156,1.18
202312341,1234,81,3,3.287,1.13
202312341,1234,1,3,4.024,0.737
202312341,1234,30,3,5.216,1.192
202312341,1234,63,3,6.161,0.945
202312341,1234,12,3,6.469,0.308
202312341,1234,14,3,7.66,1.191
202312341,1234,18,3,8.892,1.232
202312341,1234,55,3,9.235,0.343
202312341,1234,23,3,9.55,0.314
202312341,1234,10,3,10.51,0.961
202312341,1234,7,3,11.654,1.144
202312341,1234,22,3,12.465,0.811
202312341,1234,20,3,12.961,0.495
202312341,1234,31,3,13.9,0.94
202312341,1234,87,3,15.059,1.158
202312341,1234,27,3,16.521,1.462
202312341,1234,5,3,17.035,0.514
202312341,1234,16,4,0.0,0.0
202312341,1234,44,4,1.541,1.541
202312341,1234,4,4,2.468,0.927
202312341,1234,81,4,3.003,0.536
202312341,1234,1,4,3.86,0.857
202312341,1234,30,4,5.663,1.803
202312341,1234,63,4,6.072,0.409
202312341,1234,12,4,6.933,0.861
202312341,1234,14,4,8.664,1.732
202312341,1234,18,4,9.234,0.569
202312341,1234,55,4,10.896,1.662
202312341,1234,23,4,11.33,0.434
202312341,1234,10,4,12.011,0.68
202312341,1234,7,4,12.494,0.484
202312341,1234,22,4,12.955,0.46
202312341,1234,20,4,13.413,0.458
202312341,1234,31,4,14.226,0.813
202312341,1234,87,4,15.592,1.366
202312341,1234,27,4,16.853,1.261
202312341,1234,5,4,17.408,0.555
202312341,1234,16,5,0.0,0.0
202312341,1234,44,5,1.035,1.035
202312341,1234,4,5,3.237,2.202
202312341,1234,81,5,4.21,0.973
202312341,1234,1,5,5.988,1.778
202312341,1234,30,5,8.135,2.147
202312341,1234,63,5,9.131,0.996
202312341,1234,12,5,10.719,1.588
202312341,1234,14,5,12.297,1.579
202312341,1234,18,5,13.652,1.354
202312341,1234,55,5,15.963,2.311
202312341,1234,23,5,16.761,0.798
202312341,1234,10,5,17.321,0.56
202312341,1234,7,5,19.731,2.411
202312341,1234,22,5,21.837,2.105
202312341,1234,20,5,22.522,0.686
202312341,1234,31,5,24.958,2.436
202312341,1234,87,5,26.895,1.937
202312341,1234,27,5,28.365,1.47
202312341,1234,5,5,29.745,1.38
202312351,1235,16,1,0.0,0.0
202312351,1235,44,1,0.49,0.49
202312351,1235,4,1,0.774,0.284
202312351,1235,81,1,1.018,0.243
202312351,1235,1,1,1.508,0.49
202312351,1235,30,1,1.874,0.366
202312351,1235,63,1,1.982,0.108
202312351,1235,12,1,2.366,0.384
202312351,1235,14,1,2.778,0.412
202312351,1235,18,1,2.895,0.117
202312351,1235,55,1,3.047,0.151
202312351,1235,23,1,3.402,0.355
202312351,1235,10,1,3.738,0.337
202312351,1235,7,1,4.223,0.484
202312351,1235,22,1,4.398,0.176
202312351,1235,20,1,4.897,0.499
202312351,1235,31,1,5.035,0.137
202312351,1235,87,1,5.397,0.363
202312351,1235,27,1,5.79,0.392
202312351,1235,5,1,6.166,0.376
202312351,1235,16,2,0.0,0.0
202312351,1235,44,2,0.398,0.398
202312351,1235,4,2,0.937,0.539
202312351,1235,81,2,1.535,0.598
202312351,1235,1,2,2.271,0.737
202312351,1235,30,2,2.561,0.289
202312351,1235,63,2,2.976,0.415
202312351,1235,12,2,3.236,0.26
202312351,1235,14,2,4.067,0.831
202312351,1235,18,2,4.462,0.395
202312351,1235,55,2,4.808,0.346
202312351,1235,23,2,5.489,0.682
202312351,1235,10,2,6.237,0.748
202312351,1235,7,2,6.657,0.419
202312351,1235,22,2,7.198,0.542
202312351,1235,20,2,7.683,0.484
202312351,1235,31,2,8.292,0.609
202312351,1235,87,2,8.66,0.369
202312351,1235,27,2,9.481,0.82
202312351,1235,5,2,9.803,0.322
202312351,1235,16,3,0.0,0.0
202312351,1235,44,3,1.475,1.475
202312351,1235,4,3,2.353,0.878
202312351,1235,81,3,2.984,0.631
202312351,1235,1,3,4.284,1.3
202312351,1235,30,3,4.943,0.659
202312351,1235,63,3,5.71,0.767
202312351,1235,12,3,6.874,1.163
202312351,1235,14,3,8.164,1.29
202312351,1235,18,3,9.427,1.264
202312351,1235,55,3,9.76,0.333
202312351,1235,23,3,10.172,0.412
202312351,1235,10,3,10.908,0.736
202312351,1235,7,3,11.631,0.723
202312351,1235,22,3,13.043,1.412
202312351,1235,20,3,13.907,0.864
202312351,1235,31,3,15.234,1.328
202312351,1235,87,3,16.329,1.095
202312351,1235,27,3,17.11,0.781
202312351,1235,5,3,18.24,1.13
202312351,1235,16,4,0.0,0.0
202312351,1235,44,4,1.077,1.077
202312351,1235,4,4,2.728,1.651
202312351,1235,81,4,3.452,0.724
202312351,1235,1,4,3.977,0.525
202312351,1235,30,4,4.454,0.477
202312351,1235,63,4,6.365,1.911
202312351,1235,12,4,7.849,1.484
202312351,1235,14,4,9.498,1.65
202312351,1235,18,4,11.437,1.939
202312351,1235,55,4,12.546,1.109
202312351,1235,23,4,13.208,0.662
202312351,1235,10,4,15.132,1.924
202312351,1235,7,4,15.675,0.542
202312351,1235,22,4,16.817,1.142
202312351,1235,20,4,17.223,0.407
202312351,1235,31,4,18.983,1.759
202312351,1235,87,4,20.488,1.506
202312351,1235,27,4,21.352,0.864
202312351,1235,5,4,22.846,1.494
202312351,1235,16,5,0.0,0.0
202312351,1235,44,5,1.313,1.313
202312351,1235,4,5,1.844,0.531
202312351,1235,81,5,4.314,2.47
202312351,1235,1,5,6.329,2.015
202312351,1235,30,5,6.928,0.599
202312351,1235,63,5,7.502,0.574
202312351,1235,12,5,8.587,1.086
202312351,1235,14,5,9.314,0.726
202312351,1235,18,5,10.789,1.475
202312351,1235,55,5,13.108,2.319
202312351,1235,23,5,15.204,2.096
202312351,1235,10,5,16.759,1.555
202312351,1235,7,5,18.597,1.838
202312351,1235,22,5,20.67,2.072
202312351,1235,20,5,22.551,1.881
202312351,1235,31,5,24.578,2.027
202312351,1235,87,5,26.615,2.038
202312351,1235,27,5,28.686,2.071
202312351,1235,5,5,29.32,0.634
202312361,1236,16,1,0.0,0.0
202312361,1236,44,1,0.253,0.253
202312361,1236,4,1,0.545,0.292
202312361,1236,81,1,0.875,0.33
202312361,1236,1,1,1.136,0.26
202312361,1236,30,1,1.541,0.406
202312361,1236,63,1,1.955,0.414
202312361,1236,12,1,2.423,0.467
202312361,1236,14,1,2.559,0.136
202312361,1236,18,1,2.897,0.338
202312361,1236,55,1,3.159,0.262
202312361,1236,23,1,3.587,0.428
202312361,1236,10,1,3.691,0.104
202312361,1236,7,1,3.908,0.217
202312361,1236,22,1,4.015,0.107
202312361,1236,20,1,4.235,0.22
202312361,1236,31,1,4.432,0.197
202312361,1236,87,1,4.746,0.314
202312361,1236,27,1,5.208,0.462
202312361,1236,5,1,5.444,0.236
202312361,1236,16,2,0.0,0.0
202312361,1236,44,2,0.674,0.674
202312361,1236,4,2,1.158,0.484
202312361,1236,81,2,1.675,0.518
202312361,1236,1,2,2.255,0.579
202312361,1236,30,2,2.507,0.253
202312361,1236,63,2,3.022,0.515
202312361,1236,12,2,3.387,0.365
202312361,1236,14,2,4.243,0.856
202312361,1236,18,2,4.672,0.428
202312361,1236,55,2,5.383,0.711
202312361,1236,23,2,5.838,0.455
202312361,1236,10,2,6.102,0.263
202312361,1236,7,2,6.502,0.4
202312361,1236,22,2,7.175,0.673
202312361,1236,20,2,7.87,0.695
202312361,1236,31,2,8.513,0.643
202312361,1236,87,2,8.75,0.237
202312361,1236,27,2,9.536,0.785
202312361,1236,5,2,10.285,0.749
202312361,1236,16,3,0.0,0.0
202312361,1236,44,3,0.905,0.905
202312361,1236,4,3,2.149,1.244
202312361,1236,81,3,2.645,0.496
202312361,1236,1,3,4.081,1.436
202312361,1236,30,3,4.822,0.742
202312361,1236,63,3,5.784,0.961
202312361,1236,12,3,7.241,1.457
202312361,1236,14,3,8.696,1.455
202312361,1236,18,3,9.831,1.135
202312361,1236,55,3,10.887,1.055
202312361,1236,23,3,11.758,0.871
202312361,1236,10,3,12.779,1.021
202312361,1236,7,3,13.081,0.302
202312361,1236,22,3,13.524,0.443
202312361,1236,20,3,13.934,0.41
202312361,1236,31,3,14.557,0.622
202312361,1236,87,3,15.412,0.855
202312361,1236,27,3,16.265,0.852
202312361,1236,5,3,17.521,1.257
202312361,1236,16,4,0.0,0.0
202312361,1236,44,4,1.128,1.128
202312361,1236,4,4,2.49,1.362
202312361,1236,81,4,3.74,1.25
202312361,1236,1,4,4.727,0.986
202312361,1236,30,4,6.12,1.394
202312361,1236,63,4,7.685,1.565
202312361,1236,12,4,8.952,1.267
202312361,1236,14,4,9.754,0.802
202312361,1236,18,4,10.469,0.715
202312361,1236,55,4,11.922,1.453
202312361,1236,23,4,13.676,1.754
202312361,1236,10,4,14.256,0.579
202312361,1236,7,4,16.085,1.83
202312361,1236,22,4,16.908,0.823
202312361,1236,20,4,17.536,0.628
202312361,1236,31,4,18.059,0.522
202312361,1236,87,4,19.587,1.528
202312361,1236,27,4,21.5,1.913
202312361,1236,5,4,22.718,1.218
202312361,1236,16,5,0.0,0.0
202312361,1236,44,5,1.274,1.274
202312361,1236,4,5,1.792,0.518
202312361,1236,81,5,3.331,1.539
202312361,1236,1,5,3.937,0.606
202312361,1236,30,5,6.212,2.275
202312361,1236,63,5,6.84,0.627
202312361,1236,12,5,9.294,2.455
202312361,1236,14,5,9.949,0.654
202312361,1236,18,5,12.056,2.108
202312361,1236,55,5,13.505,1.449
202312361,1236,23,5,15.796,2.291
202312361,1236,10,5,17.425,1.629
202312361,1236,7,5,19.72,2.295
202312361,1236,22,5,21.221,1.501
202312361,1236,20,5,23.481,2.26
202312361,1236,31,5,25.728,2.247
202312361,1236,87,5,28.119,2.391
202312361,1236,27,5,28.647,0.528
202312361,1236,5,5,30.563,1.917
202312371,1237,16,1,0.0,0.0
202312371,1237,44,1,0.413,0.413
202312371,1237,4,1,0.638,0.225
202312371,1237,81,1,0.851,0.213
202312371,1237,1,1,1.261,0.411
202312371,1237,30,1,1.466,0.204
202312371,1237,63,1,1.724,0.258
202312371,1237,12,1,1.996,0.272
202312371,1237,14,1,2.358,0.361
202312371,1237,18,1,2.737,0.38
202312371,1237,55,1,3.159,0.422
202312371,1237,23,1,3.635,0.476
202312371,1237,10,1,3.924,0.289
202312371,1237,7,1,4.21,0.286
202312371,1237,22,1,4.376,0.166
202312371,1237,20,1,4.539,0.163
202312371,1237,31,1,4.908,0.369
202312371,1237,87,1,5.357,0.448
202312371,1237,27,1,5.614,0.258
202312371,1237,5,1,5.936,0.322
202312371,1237,16,2,0.0,0.0
202312371,1237,44,2,0.625,0.625
202312371,1237,4,2,0.946,0.322
202312371,1237,81,2,1.926,0.98
202312371,1237,1,2,2.631,0.704
202312371,1237,30,2,3.468,0.837
202312371,1237,63,2,4.096,0.628
202312371,1237,12,2,4.642,0.545
202312371,1237,14,2,5.444,0.802
202312371,1237,18,2,5.649,0.204
202312371,1237,55,2,6.028,0.379
202312371,1237,23,2,6.801,0.773
202312371,1237,10,2,7.582,0.781
202312371,1237,7,2,7.865,0.283
202312371,1237,22,2,8.604,0.739
202312371,1237,20,2,9.067,0.463
202312371,1237,31,2,9.721,0.654
202312371,1237,87,2,10.444,0.723
202312371,1237,27,2,10.906,0.462
202312371,1237,5,2,11.844,0.938
202312371,1237,16,3,0.0,0.0
202312371,1237,44,3,0.423,0.423
202312371,1237,4,3,1.259,0.835
202312371,1237,81,3,1.634,0.375
202312371,1237,1,3,3.126,1.492
202312371,1237,30,3,4.548,1.422
202312371,1237,63,3,6.005,1.457
202312371,1237,12,3,6.944,0.939
202312371,1237,14,3,7.343,0.399
202312371,1237,18,3,7.744,0.401
202312371,1237,55,3,9.069,1.324
202312371,1237,23,3,10.521,1.452
202312371,1237,10,3,10.96,0.439
202312371,1237,7,3,12.318,1.358
202312371,1237,22,3,12.728,0.41
202312371,1237,20,3,14.024,1.296
202312371,1237,31,3,15.135,1.111
202312371,1237,87,3,15.454,0.319
202312371,1237,27,3,16.544,1.09
202312371,1237,5,3,17.129,0.585
202312371,1237,16,4,0.0,0.0
202312371,1237,44,4,0.93,0.93
202312371,1237,4,4,1.958,1.028
202312371,1237,81,4,2.787,0.83
202312371,1237,1,4,3.833,1.046
202312371,1237,30,4,5.763,1.93
202312371,1237,63,4,6.957,1.194
202312371,1237,12,4,8.212,1.255
202312371,1237,14,4,9.04,0.829
202312371,1237,18,4,9.748,0.708
202312371,1237,55,4,11.294,1.546
202312371,1237,23,4,13.225,1.93
202312371,1237,10,4,14.048,0.823
202312371,1237,7,4,15.679,1.631
202312371,1237,22,4,16.213,0.534
202312371,1237,20,4,17.649,1.436
202312371,1237,31,4,18.824,1.175
202312371,1237,87,4,20.218,1.394
202312371,1237,27,4,21.407,1.189
202312371,1237,5,4,22.009,0.601
202312371,1237,16,5,0.0,0.0
202312371,1237,44,5,0.659,0.659
202312371,1237,4,5,3.0,2.341
202312371,1237,81,5,3.992,0.992
202312371,1237,1,5,5.821,1.829
202312371,1237,30,5,7.887,2.067
202312371,1237,63,5,10.087,2.199
202312371,1237,12,5,11.634,1.547
202312371,1237,14,5,12.504,0.87
202312371,1237,18,5,13.101,0.597
202312371,1237,55,5,13.65,0.549
202312371,1237,23,5,15.951,2.301
202312371,1237,10,5,16.542,0.591
202312371,1237,7,5,18.937,2.394
202312371,1237,22,5,19.769,0.832
202312371,1237,20,5,20.636,0.868
202312371,1237,31,5,22.942,2.305
202312371,1237,87,5,23.675,0.733
202312371,1237,27,5,25.636,1.961
202312371,1237,5,5,28.023,2.387
202312381,1238,16,1,0.0,0.0
202312381,1238,44,1,0.422,0.422
202312381,1238,4,1,0.585,0.162
202312381,1238,81,1,0.948,0.363
202312381,1238,1,1,1.172,0.224
202312381,1238,30,1,1.503,0.331
202312381,1238,63,1,1.928,0.424
202312381,1238,12,1,2.152,0.225
202312381,1238,14,1,2.338,0.186
202312381,1238,18,1,2.811,0.473
202312381,1238,55,1,3.0,0.189
202312381,1238,23,1,3.293,0.293
202312381,1238,10,1,3.702,0.409
202312381,1238,7,1,4.068,0.366
202312381,1238,22,1,4.465,0.398
202312381,1238,20,1,4.907,0.441
202312381,1238,31,1,5.017,0.11
202312381,1238,87,1,5.485,0.469
202312381,1238,27,1,5.606,0.12
202312381,1238,5,1,5.88,0.274
202312381,1238,16,2,0.0,0.0
202312381,1238,44,2,0.884,0.884
202312381,1238,4,2,1.693,0.809
202312381,1238,81,2,1.976,0.283
202312381,1238,1,2,2.687,0.711
202312381,1238,30,2,3.659,0.972
202312381,1238,63,2,4.001,0.342
202312381,1238,12,2,4.529,0.527
202312381,1238,14,2,5.162,0.634
202312381,1238,18,2,6.008,0.846
202312381,1238,55,2,6.566,0.558
202312381,1238,23,2,7.248,0.681
202312381,1238,10,2,8.088,0.84
202312381,1238,7,2,8.994,0.907
202312381,1238,22,2,9.961,0.966
202312381,1238,20,2,10.701,0.74
202312381,1238,31,2,11.134,0.433
202312381,1238,87,2,12.044,0.91
202312381,1238,27,2,12.957,0.913
202312381,1238,5,2,13.707,0.75
202312381,1238,16,3,0.0,0.0
202312381,1238,44,3,0.825,0.825
202312381,1238,4,3,1.229,0.403
202312381,1238,81,3,1.992,0.763
202312381,1238,1,3,2.704,0.712
202312381,1238,30,3,3.871,1.167
202312381,1238,63,3,4.844,0.973
202312381,1238,12,3,5.812,0.968
202312381,1238,14,3,6.61,0.799
202312381,1238,18,3,7.341,0.731
202312381,1238,55,3,8.636,1.295
202312381,1238,23,3,9.876,1.24
202312381,1238,10,3,10.857,0.981
202312381,1238,7,3,11.215,0.358
202312381,1238,22,3,11.535,0.32
202312381,1238,20,3,12.978,1.443
202312381,1238,31,3,14.299,1.321
202312381,1238,87,3,14.692,0.393
202312381,1238,27,3,15.938,1.246
202312381,1238,5,3,17.127,1.189
202312381,1238,16,4,0.0,0.0
202312381,1238,44,4,1.742,1.742
202312381,1238,4,4,2.527,0.785
202312381,1238,81,4,4.496,1.969
202312381,1238,1,4,6.068,1.571
202312381,1238,30,4,7.41,1.342
202312381,1238,63,4,8.182,0.772
202312381,1238,12,4,9.729,1.548
202312381,1238,14,4,10.832,1.102
202312381,1238,18,4,12.096,1.264
202312381,1238,55,4,13.41,1.314
202312381,1238,23,4,14.566,1.156
202312381,1238,10,4,16.252,1.686
202312381,1238,7,4,17.081,0.829
202312381,1238,22,4,18.016,0.935
202312381,1238,20,4,19.563,1.547
202312381,1238,31,4,20.7,1.137
202312381,1238,87,4,22.39,1.691
202312381,1238,27,4,24.12,1.729
202312381,1238,5,4,25.171,1.051
202312381,1238,16,5,0.0,0.0
202312381,1238,44,5,0.627,0.627
202312381,1238,4,5,1.661,1.034
202312381,1238,81,5,3.221,1.56
202312381,1238,1,5,3.776,0.555
202312381,1238,30,5,5.972,2.196
202312381,1238,63,5,8.384,2.412
202312381,1238,12,5,8.907,0.523
202312381,1238,14,5,11.356,2.449
202312381,1238,18,5,12.2,0.844
202312381,1238,55,5,14.428,2.228
202312381,1238,23,5,16.076,1.648
202312381,1238,10,5,18.073,1.998
202312381,1238,7,5,18.76,0.687
202312381,1238,22,5,20.96,2.199
202312381,1238,20,5,21.971,1.011
202312381,1238,31,5,23.819,1.848
202312381,1238,87,5,25.148,1.328
202312381,1238,27,5,27.074,1.926
202312381,1238,5,5,28.843,1.769
202312391,1239,16,1,0.0,0.0
202312391,1239,44,1,0.263,0.263
202312391,1239,4,1,0.565,0.302
202312391,1239,81,1,0.975,0.41
202312391,1239,1,1,1.425,0.45
202312391,1239,30,1,1.651,0.226
202312391,1239,63,1,2.125,0.473
202312391,1239,12,1,2.558,0.434
202312391,1239,14,1,2.671,0.113
202312391,1239,18,1,2.949,0.278
202312391,1239,55,1,3.133,0.184
202312391,1239,23,1,3.445,0.312
202312391,1239,10,1,3.591,0.146
202312391,1239,7,1,3.847,0.256
202312391,1239,22,1,4.197,0.351
202312391,1239,20,1,4.525,0.328
202312391,1239,31,1,4.771,0.245
202312391,1239,87,1,5.155,0.384
202312391,1239,27,1,5.566,0.411
202312391,1239,5,1,5.799,0.233
202312391,1239,16,2,0.0,0.0
202312391,1239,44,2,0.522,0.522
202312391,1239,4,2,0.865,0.344
202312391,1239,81,2,1.323,0.458
202312391,1239,1,2,2.309,0.986
202312391,1239,30,2,3.146,0.837
202312391,1239,63,2,3.833,0.687
202312391,1239,12,2,4.073,0.24
202312391,1239,14,2,4.328,0.255
202312391,1239,18,2,4.592,0.264
202312391,1239,55,2,5.081,0.488
202312391,1239,23,2,5.4,0.319
202312391,1239,10,2,5.708,0.308
202312391,1239,7,2,6.671,0.964
202312391,1239,22,2,6.987,0.316
202312391,1239,20,2,7.78,0.793
202312391,1239,31,2,8.709,0.929
202312391,1239,87,2,9.118,0.408
202312391,1239,27,2,9.479,0.361
202312391,1239,5,2,9.99,0.511
202312391,1239,16,3,0.0,0.0
202312391,1239,44,3,1.189,1.189
202312391,1239,4,3,2.674,1.485
202312391,1239,81,3,3.914,1.24
202312391,1239,1,3,4.256,0.342
202312391,1239,30,3,5.736,1.48
202312391,1239,63,3,6.444,0.708
202312391,1239,12,3,6.982,0.538
202312391,1239,14,3,7.335,0.354
202312391,1239,18,3,8.73,1.395
202312391,1239,55,3,9.271,0.541
202312391,1239,23,3,9.79,0.519
202312391,1239,10,3,10.423,0.633
202312391,1239,7,3,11.765,1.342
202312391,1239,22,3,13.223,1.458
202312391,1239,20,3,14.01,0.787
202312391,1239,31,3,15.181,1.171
202312391,1239,87,3,16.578,1.397
202312391,1239,27,3,17.925,1.347
202312391,1239,5,3,19.255,1.33
202312391,1239,16,4,0.0,0.0
202312391,1239,44,4,0.971,0.971
202312391,1239,4,4,2.826,1.855
202312391,1239,81,4,4.644,1.818
202312391,1239,1,4,5.975,1.331
202312391,1239,30,4,6.605,0.629
202312391,1239,63,4,8.117,1.512
202312391,1239,12,4,9.314,1.197
202312391,1239,14,4,9.978,0.664
202312391,1239,18,4,11.319,1.341
202312391,1239,55,4,12.743,1.424
202312391,1239,23,4,13.512,0.769
202312391,1239,10,4,14.319,0.807
202312391,1239,7,4,15.855,1.536
202312391,1239,22,4,16.485,0.631
202312391,1239,20,4,17.761,1.275
202312391,1239,31,4,18.764,1.004
202312391,1239,87,4,19.346,0.582
202312391,1239,27,4,20.321,0.974
202312391,1239,5,4,21.71,1.389
202312391,1239,16,5,0.0,0.0
202312391,1239,44,5,0.988,0.988
202312391,1239,4,5,3.258,2.27
202312391,1239,81,5,5.183,1.925
202312391,1239,1,5,6.054,0.871
202312391,1239,30,5,7.269,1.216
202312391,1239,63,5,7.992,0.722
202312391,1239,12,5,8.764,0.773
202312391,1239,14,5,9.928,1.163
202312391,1239,18,5,11.654,1.726
202312391,1239,55,5,13.444,1.79
202312391,1239,23,5,15.518,2.075
202312391,1239,10,5,16.217,0.699
202312391,1239,7,5,18.175,1.958
202312391,1239,22,5,19.254,1.079
202312391,1239,20,5,20.45,1.195
202312391,1239,31,5,22.506,2.057
202312391,1239,87,5,24.098,1.592
202312391,1239,27,5,26.273,2.175
202312391,1239,5,5,28.636,2.363
202312401,1240,16,1,0.0,0.0
202312401,1240,44,1,0.467,0.467
202312401,1240,4,1,0.634,0.167
202312401,1240,81,1,1.045,0.412
202312401,1240,1,1,1.482,0.436
202312401,1240,30,1,1.892,0.41
202312401,1240,63,1,2.115,0.223
202312401,1240,12,1,2.526,0.411
202312401,1240,14,1,2.818,0.292
202312401,1240,18,1,3.22,0.402
202312401,1240,55,1,3.708,0.488
202312401,1240,23,1,3.994,0.286
202312401,1240,10,1,4.493,0.499
202312401,1240,7,1,4.645,0.152
202312401,1240,22,1,4.829,0.183
202312401,1240,20,1,5.221,0.393
202312401,1240,31,1,5.638,0.417
202312401,1240,87,1,6.071,0.433
202312401,1240,27,1,6.479,0.408
202312401,1240,5,1,6.833,0.354
202312401,1240,16,2,0.0,0.0
202312401,1240,44,2,0.573,0.573
202312401,1240,4,2,1.538,0.965
202312401,1240,81,2,2.096,0.558
202312401,1240,1,2,3.028,0.932
202312401,1240,30,2,3.482,0.454
202312401,1240,63,2,4.481,1.0
202312401,1240,12,2,4.926,0.445
202312401,1240,14,2,5.739,0.813
202312401,1240,18,2,6.092,0.353
202312401,1240,55,2,6.61,0.519
202312401,1240,23,2,7.283,0.673
202312401,1240,10,2,7.959,0.676
202312401,1240,7,2,8.6,0.641
202312401,1240,22,2,9.248,0.648
202312401,1240,20,2,9.916,0.668
202312401,1240,31,2,10.69,0.774
202312401,1240,87,2,11.047,0.358
202312401,1240,27,2,11.577,0.529
202312401,1240,5,2,12.347,0.77
202312401,1240,16,3,0.0,0.0
202312401,1240,44,3,1.106,1.106
202312401,1240,4,3,2.119,1.013
202312401,1240,81,3,3.503,1.384
202312401,1240,1,3,4.895,1.393
202312401,1240,30,3,6.073,1.178
202312401,1240,63,3,6.493,0.42
202312401,1240,12,3,7.303,0.81
202312401,1240,14,3,7.776,0.473
202312401,1240,18,3,9.239,1.462
202312401,1240,55,3,10.663,1.424
202312401,1240,23,3,11.721,1.058
202312401,1240,10,3,12.98,1.258
202312401,1240,7,3,13.381,0.401
202312401,1240,22,3,14.804,1.423
202312401,1240,20,3,15.548,0.743
202312401,1240,31,3,16.168,0.621
202312401,1240,87,3,17.483,1.315
202312401,1240,27,3,18.384,0.901
202312401,1240,5,3,19.506,1.122
202312401,1240,16,4,0.0,0.0
202312401,1240,44,4,1.732,1.732
202312401,1240,4,4,3.604,1.871
202312401,1240,81,4,4.201,0.597
202312401,1240,1,4,5.313,1.113
202312401,1240,30,4,5.757,0.444
202312401,1240,63,4,7.704,1.947
202312401,1240,12,4,8.939,1.235
202312401,1240,14,4,10.453,1.514
202312401,1240,18,4,10.962,0.509
202312401,1240,55,4,11.869,0.906
202312401,1240,23,4,13.298,1.43
202312401,1240,10,4,14.807,1.509
202312401,1240,7,4,16.184,1.377
202312401,1240,22,4,17.839,1.655
202312401,1240,20,4,18.904,1.065
202312401,1240,31,4,19.794,0.889
202312401,1240,87,4,21.614,1.821
202312401,1240,27,4,22.96,1.346
202312401,1240,5,4,23.601,0.641
202312401,1240,16,5,0.0,0.0
202312401,1240,44,5,2.473,2.473
202312401,1240,4,5,3.606,1.133
202312401,1240,81,5,4.276,0.67
202312401,1240,1,5,5.131,0.855
202312401,1240,30,5,6.684,1.553
202312401,1240,63,5,8.059,1.376
202312401,1240,12,5,10.003,1.944
202312401,1240,14,5,10.987,0.984
202312401,1240,18,5,12.061,1.073
202312401,1240,55,5,14.042,1.982
202312401,1240,23,5,14.602,0.559
202312401,1240,10,5,15.517,0.915
202312401,1240,7,5,17.554,2.038
202312401,1240,22,5,20.047,2.493
202312401,1240,20,5,21.687,1.64
202312401,1240,31,5,24.157,2.47
202312401,1240,87,5,25.031,0.874
202312401,1240,27,5,26.802,1.771
202312401,1240,5,5,29.057,2.255
202312411,1241,16,1,0.0,0.0
202312411,1241,44,1,0.28,0.28
202312411,1241,4,1,0.59,0.31
202312411,1241,81,1,0.782,0.192
202312411,1241,1,1,1.162,0.38
202312411,1241,30,1,1.455,0.293
202312411,1241,63,1,1.942,0.487
202312411,1241,12,1,2.247,0.305
202312411,1241,14,1,2.481,0.234
202312411,1241,18,1,2.592,0.111
202312411,1241,55,1,2.908,0.316
202312411,1241,23,1,3.054,0.146
202312411,1241,10,1,3.52,0.466
202312411,1241,7,1,3.665,0.144
202312411,1241,22,1,3.883,0.218
202312411,1241,20,1,4.072,0.19
202312411,1241,31,1,4.464,0.392
202312411,1241,87,1,4.767,0.303
202312411,1241,27,1,4.935,0.168
202312411,1241,5,1,5.1,0.165
202312411,1241,16,2,0.0,0.0
202312411,1241,44,2,0.554,0.554
202312411,1241,4,2,1.411,0.857
202312411,1241,81,2,1.836,0.426
202312411,1241,1,2,2.479,0.642
202312411,1241,30,2,3.002,0.523
202312411,1241,63,2,3.818,0.816
202312411,1241,12,2,4.752,0.934
202312411,1241,14,2,5.433,0.681
202312411,1241,18,2,5.973,0.541
202312411,1241,55,2,6.591,0.618
202312411,1241,23,2,7.071,0.479
202312411,1241,10,2,7.548,0.477
202312411,1241,7,2,8.108,0.56
202312411,1241,22,2,8.561,0.454
202312411,1241,20,2,9.351,0.79
202312411,1241,31,2,10.318,0.967
202312411,1241,87,2,10.89,0.571
202312411,1241,27,2,11.515,0.626
202312411,1241,5,2,12.371,0.855
202312411,1241,16,3,0.0,0.0
202312411,1241,44,3,0.987,0.987
202312411,1241,4,3,2.487,1.5
202312411,1241,81,3,3.196,0.71
202312411,1241,1,3,4.602,1.406
202312411,1241,30,3,5.248,0.646
202312411,1241,63,3,6.423,1.175
202312411,1241,12,3,7.382,0.959
202312411,1241,14,3,8.851,1.469
202312411,1241,18,3,9.833,0.982
202312411,1241,55,3,10.157,0.324
202312411,1241,23,3,11.429,1.272
202312411,1241,10,3,12.926,1.497
202312411,1241,7,3,13.518,0.592
202312411,1241,22,3,14.969,1.451
202312411,1241,20,3,15.949,0.98
202312411,1241,31,3,16.535,0.586
202312411,1241,87,3,17.788,1.253
202312411,1241,27,3,18.745,0.957
202312411,1241,5,3,20.203,1.458
202312411,1241,16,4,0.0,0.0
202312411,1241,44,4,1.816,1.816
202312411,1241,4,4,3.455,1.638
202312411,1241,81,4,4.669,1.215
202312411,1241,1,4,6.573,1.904
202312411,1241,30,4,7.063,0.491
202312411,1241,63,4,8.923,1.859
202312411,1241,12,4,10.516,1.593
202312411,1241,14,4,12.01,1.495
202312411,1241,18,4,13.83,1.82
202312411,1241,55,4,15.075,1.245
202312411,1241,23,4,16.833,1.758
202312411,1241,10,4,18.195,1.362
202312411,1241,7,4,19.674,1.479
202312411,1241,22,4,20.168,0.494
202312411,1241,20,4,21.267,1.099
202312411,1241,31,4,21.76,0.492
202312411,1241,87,4,23.47,1.71
202312411,1241,27,4,24.218,0.747
202312411,1241,5,4,25.394,1.176
202312411,1241,16,5,0.0,0.0
202312411,1241,44,5,2.126,2.126
202312411,1241,4,5,2.749,0.623
202312411,1241,81,5,4.612,1.863
202312411,1241,1,5,5.16,0.548
202312411,1241,30,5,6.682,1.522
202312411,1241,63,5,9.167,2.485
202312411,1241,12,5,11.411,2.243
202312411,1241,14,5,13.198,1.787
202312411,1241,18,5,15.5,2.302
202312411,1241,55,5,17.36,1.86
202312411,1241,23,5,18.241,0.881
202312411,1241,10,5,19.488,1.247
202312411,1241,7,5,21.877,2.389
202312411,1241,22,5,23.742,1.864
202312411,1241,20,5,24.527,0.785
202312411,1241,31,5,25.798,1.271
202312411,1241,87,5,28.112,2.314
202312411,1241,27,5,28.854,0.742
202312411,1241,5,5,29.765,0.91
202312421,1242,16,1,0.0,0.0
202312421,1242,44,1,0.301,0.301
202312421,1242,4,1,0.456,0.155
202312421,1242,81,1,0.642,0.187
202312421,1242,1,1,0.936,0.294
202312421,1242,30,1,1.047,0.111
202312421,1242,63,1,1.378,0.331
202312421,1242,12,1,1.808,0.43
202312421,1242,14,1,2.061,0.253
202312421,1242,18,1,2.193,0.132
202312421,1242,55,1,2.628,0.435
202312421,1242,23,1,3.033,0.405
202312421,1242,10,1,3.261,0.229
202312421,1242,7,1,3.588,0.327
202312421,1242,22,1,3.709,0.121
202312421,1242,20,1,3.847,0.138
202312421,1242,31,1,4.345,0.498
202312421,1242,87,1,4.568,0.223
202312421,1242,27,1,4.876,0.308
202312421,1242,5,1,5.242,0.365
202312421,1242,16,2,0.0,0.0
202312421,1242,44,2,0.935,0.935
202312421,1242,4,2,1.342,0.407
202312421,1242,81,2,1.813,0.471
202312421,1242,1,2,2.166,0.353
202312421,1242,30,2,2.898,0.732
202312421,1242,63,2,3.644,0.746
202312421,1242,12,2,4.618,0.974
202312421,1242,14,2,5.473,0.855
202312421,1242,18,2,5.973,0.5
202312421,1242,55,2,6.524,0.55
202312421,1242,23,2,7.386,0.862
202312421,1242,10,2,8.072,0.687
202312421,1242,7,2,9.066,0.994
202312421,1242,22,2,9.859,0.793
202312421,1242,20,2,10.267,0.408
202312421,1242,31,2,11.012,0.745
202312421,1242,87,2,11.249,0.237
202312421,1242,27,2,12.074,0.826
202312421,1242,5,2,12.676,0.602
202312421,1242,16,3,0.0,0.0
202312421,1242,44,3,0.845,0.845
202312421,1242,4,3,1.762,0.917
202312421,1242,81,3,2.536,0.774
202312421,1242,1,3,3.631,1.095
202312421,1242,30,3,4.99,1.359
202312421,1242,63,3,6.35,1.36
202312421,1242,12,3,7.585,1.235
202312421,1242,14,3,8.597,1.012
202312421,1242,18,3,8.97,0.372
202312421,1242,55,3,9.539,0.569
202312421,1242,23,3,10.779,1.24
202312421,1242,10,3,11.816,1.037
202312421,1242,7,3,12.988,1.172
202312421,1242,22,3,13.774,0.786
202312421,1242,20,3,14.248,0.474
202312421,1242,31,3,15.638,1.39
202312421,1242,87,3,16.885,1.247
202312421,1242,27,3,18.322,1.436
202312421,1242,5,3,19.165,0.844
202312421,1242,16,4,0.0,0.0
202312421,1242,44,4,1.759,1.759
202312421,1242,4,4,3.149,1.39
202312421,1242,81,4,4.556,1.408
202312421,1242,1,4,4.978,0.422
202312421,1242,30,4,5.46,0.482
202312421,1242,63,4,6.173,0.713
202312421,1242,12,4,8.081,1.908
202312421,1242,14,4,8.97,0.889
202312421,1242,18,4,9.497,0.527
202312421,1242,55,4,11.22,1.723
202312421,1242,23,4,12.063,0.843
202312421,1242,10,4,12.787,0.723
202312421,1242,7,4,14.393,1.606
202312421,1242,22,4,16.301,1.908
202312421,1242,20,4,17.137,0.835
202312421,1242,31,4,18.266,1.129
202312421,1242,87,4,20.124,1.859
202312421,1242,27,4,21.681,1.557
202312421,1242,5,4,22.099,0.418
202312421,1242,16,5,0.0,0.0
202312421,1242,44,5,1.375,1.375
202312421,1242,4,5,2.41,1.035
202312421,1242,81,5,2.932,0.521
202312421,1242,1,5,3.748,0.816
202312421,1242,30,5,4.924,1.176
202312421,1242,63,5,5.608,0.684
202312421,1242,12,5,7.525,1.917
202312421,1242,14,5,8.399,0.874
202312421,1242,18,5,10.285,1.886
202312421,1242,55,5,12.125,1.84
202312421,1242,23,5,12.898,0.774
202312421,1242,10,5,13.785,0.887
202312421,1242,7,5,16.233,2.448
202312421,1242,22,5,18.444,2.211
202312421,1242,20,5,20.7,2.256
202312421,1242,31,5,21.973,1.273
202312421,1242,87,5,23.054,1.082
202312421,1242,27,5,25.349,2.295
202312421,1242,5,5,27.569,2.22
202312431,1243,16,1,0.0,0.0
202312431,1243,44,1,0.222,0.222
202312431,1243,4,1,0.479,0.257
202312431,1243,81,1,0.628,0.149
202312431,1243,1,1,0.975,0.347
202312431,1243,30,1,1.253,0.278
202312431,1243,63,1,1.53,0.277
202312431,1243,12,1,1.786,0.257
202312431,1243,14,1,2.025,0.239
202312431,1243,18,1,2.255,0.23
202312431,1243,55,1,2.392,0.138
202312431,1243,23,1,2.758,0.365
202312431,1243,10,1,3.241,0.484
202312431,1243,7,1,3.438,0.197
202312431,1243,22,1,3.661,0.223
202312431,1243,20,1,3.85,0.189
202312431,1243,31,1,4.291,0.441
202312431,1243,87,1,4.7,0.409
202312431,1243,27,1,5.063,0.363
202312431,1243,5,1,5.26,0.197
202312431,1243,16,2,0.0,0.0
202312431,1243,44,2,0.391,0.391
202312431,1243,4,2,0.61,0.22
202312431,1243,81,2,0.946,0.336
202312431,1243,1,2,1.259,0.313
202312431,1243,30,2,1.772,0.513
202312431,1243,63,2,2.405,0.633
202312431,1243,12,2,3.383,0.978
202312431,1243,14,2,3.877,0.494
202312431,1243,18,2,4.235,0.357
202312431,1243,55,2,4.901,0.666
202312431,1243,23,2,5.466,0.565
202312431,1243,10,2,5.723,0.257
202312431,1243,7,2,6.359,0.636
202312431,1243,22,2,6.652,0.293
202312431,1243,20,2,6.969,0.317
202312431,1243,31,2,7.592,0.623
202312431,1243,87,2,8.576,0.984
202312431,1243,27,2,9.565,0.989
202312431,1243,5,2,10.077,0.512
202312431,1243,16,3,0.0,0.0
202312431,1243,44,3,0.495,0.495
202312431,1243,4,3,1.305,0.81
202312431,1243,81,3,1.828,0.523
202312431,1243,1,3,3.112,1.284
202312431,1243,30,3,3.608,0.496
202312431,1243,63,3,4.88,1.272
202312431,1243,12,3,5.381,0.501
202312431,1243,14,3,6.544,1.163
202312431,1243,18,3,7.049,0.505
202312431,1243,55,3,7.412,0.363
202312431,1243,23,3,7.722,0.31
202312431,1243,10,3,8.985,1.263
202312431,1243,7,3,10.217,1.232
202312431,1243,22,3,10.959,0.742
202312431,1243,20,3,11.99,1.031
202312431,1243,31,3,12.746,0.757
202312431,1243,87,3,13.918,1.171
202312431,1243,27,3,15.154,1.236
202312431,1243,5,3,16.012,0.858
202312431,1243,16,4,0.0,0.0
202312431,1243,44,4,1.075,1.075
202312431,1243,4,4,2.967,1.892
202312431,1243,81,4,4.081,1.113
202312431,1243,1,4,5.157,1.076
202312431,1243,30,4,6.347,1.19
202312431,1243,63,4,8.173,1.826
202312431,1243,12,4,9.887,1.714
202312431,1243,14,4,10.684,0.797
202312431,1243,18,4,11.217,0.533
202312431,1243,55,4,12.943,1.726
202312431,1243,23,4,14.844,1.901
202312431,1243,10,4,16.397,1.554
202312431,1243,7,4,18.377,1.98
202312431,1243,22,4,19.492,1.115
202312431,1243,20,4,21.269,1.777
202312431,1243,31,4,23.238,1.969
202312431,1243,87,4,24.409,1.171
202312431,1243,27,4,25.395,0.986
202312431,1243,5,4,26.901,1.506
202312431,1243,16,5,0.0,0.0
202312431,1243,44,5,1.192,1.192
202312431,1243,4,5,2.199,1.007
202312431,1243,81,5,4.565,2.366
202312431,1243,1,5,6.192,1.627
202312431,1243,30,5,7.239,1.047
202312431,1243,63,5,8.021,0.781
202312431,1243,12,5,10.253,2.232
202312431,1243,14,5,12.343,2.09
202312431,1243,18,5,13.535,1.192
202312431,1243,55,5,15.29,1.755
202312431,1243,23,5,16.484,1.195
202312431,1243,10,5,17.38,0.895
202312431,1243,7,5,19.325,1.946
202312431,1243,22,5,20.72,1.395
202312431,1243,20,5,21.837,1.116
202312431,1243,31,5,22.638,0.802
202312431,1243,87,5,24.6,1.962
202312431,1243,27,5,26.252,1.652
202312431,1243,5,5,27.546,1.294
202312441,1244,16,1,0.0,0.0
202312441,1244,44,1,0.219,0.219
202312441,1244,4,1,0.393,0.174
202312441,1244,81,1,0.681,0.288
202312441,1244,1,1,0.924,0.243
202312441,1244,30,1,1.322,0.398
202312441,1244,63,1,1.53,0.208
202312441,1244,12,1,1.925,0.396
202312441,1244,14,1,2.231,0.306
202312441,1244,18,1,2.394,0.162
202312441,1244,55,1,2.506,0.112
202312441,1244,23,1,2.958,0.452
202312441,1244,10,1,3.18,0.223
202312441,1244,7,1,3.443,0.263
202312441,1244,22,1,3.623,0.18
202312441,1244,20,1,3.757,0.134
202312441,1244,31,1,4.066,0.309
202312441,1244,87,1,4.378,0.311
202312441,1244,27,1,4.571,0.194
202312441,1244,5,1,4.819,0.248
202312441,1244,16,2,0.0,0.0
202312441,1244,44,2,0.262,0.262
202312441,1244,4,2,1.097,0.835
202312441,1244,81,2,1.533,0.436
202312441,1244,1,2,2.217,0.684
202312441,1244,30,2,2.786,0.57
202312441,1244,63,2,3.774,0.988
202312441,1244,12,2,4.62,0.846
202312441,1244,14,2,5.028,0.409
202312441,1244,18,2,5.522,0.494
202312441,1244,55,2,5.98,0.458
202312441,1244,23,2,6.682,0.702
202312441,1244,10,2,7.483,0.801
202312441,1244,7,2,8.103,0.62
202312441,1244,22,2,8.333,0.229
202312441,1244,20,2,8.826,0.494
202312441,1244,31,2,9.535,0.709
202312441,1244,87,2,10.218,0.683
202312441,1244,27,2,10.883,0.665
202312441,1244,5,2,11.806,0.923
202312441,1244,16,3,0.0,0.0
202312441,1244,44,3,0.504,0.504
202312441,1244,4,3,1.729,1.226
202312441,1244,81,3,3.181,1.451
202312441,1244,1,3,4.038,0.858
202312441,1244,30,3,5.069,1.031
202312441,1244,63,3,5.638,0.569
202312441,1244,12,3,6.042,0.404
202312441,1244,14,3,6.403,0.361
202312441,1244,18,3,6.858,0.455
202312441,1244,55,3,7.877,1.019
202312441,1244,23,3,9.112,1.235
202312441,1244,10,3,9.566,0.454
202312441,1244,7,3,10.001,0.435
202312441,1244,22,3,11.16,1.159
202312441,1244,20,3,11.538,0.378
202312441,1244,31,3,12.819,1.28
202312441,1244,87,3,14.008,1.19
202312441,1244,27,3,14.594,0.586
202312441,1244,5,3,15.203,0.609
202312441,1244,16,4,0.0,0.0
202312441,1244,44,4,1.974,1.974
202312441,1244,4,4,2.537,0.563
202312441,1244,81,4,4.31,1.773
202312441,1244,1,4,4.779,0.469
202312441,1244,30,4,6.776,1.997
202312441,1244,63,4,8.274,1.498
202312441,1244,12,4,8.758,0.485
202312441,1244,14,4,10.575,1.817
202312441,1244,18,4,11.143,0.568
202312441,1244,55,4,11.759,0.616
202312441,1244,23,4,12.645,0.886
202312441,1244,10,4,13.514,0.869
202312441,1244,7,4,15.284,1.769
202312441,1244,22,4,16.673,1.39
202312441,1244,20,4,17.824,1.151
202312441,1244,31,4,19.754,1.93
202312441,1244,87,4,20.444,0.69
202312441,1244,27,4,21.39,0.946
202312441,1244,5,4,23.383,1.993
202312441,1244,16,5,0.0,0.0
202312441,1244,44,5,1.123,1.123
202312441,1244,4,5,1.69,0.567
202312441,1244,81,5,3.787,2.098
202312441,1244,1,5,5.131,1.344
202312441,1244,30,5,5.708,0.577
202312441,1244,63,5,7.837,2.129
202312441,1244,12,5,9.249,1.411
202312441,1244,14,5,10.783,1.534
202312441,1244,18,5,13.154,2.37
202312441,1244,55,5,14.839,1.685
202312441,1244,23,5,16.651,1.812
202312441,1244,10,5,17.838,1.188
202312441,1244,7,5,19.387,1.549
202312441,1244,22,5,21.608,2.221
202312441,1244,20,5,24.027,2.419
202312441,1244,31,5,24.999,0.971
202312441,1244,87,5,27.214,2.215
202312441,1244,27,5,28.32,1.106
202312441,1244,5,5,29.107,0.787
202312451,1245,16,1,0.0,0.0
202312451,1245,44,1,0.123,0.123
202312451,1245,4,1,0.28,0.157
202312451,1245,81,1,0.54,0.26
202312451,1245,1,1,0.696,0.156
202312451,1245,30,1,1.026,0.331
202312451,1245,63,1,1.343,0.317
202312451,1245,12,1,1.699,0.356
202312451,1245,14,1,1.831,0.132
202312451,1245,18,1,2.14,0.308
202312451,1245,55,1,2.394,0.255
202312451,1245,23,1,2.498,0.103
202312451,1245,10,1,2.974,0.476
202312451,1245,7,1,3.183,0.209
202312451,1245,22,1,3.407,0.224
202312451,1245,20,1,3.577,0.17
202312451,1245,31,1,4.023,0.447
202312451,1245,87,1,4.415,0.392
202312451,1245,27,1,4.571,0.156
202312451,1245,5,1,4.868,0.297
202312451,1245,16,2,0.0,0.0
202312451,1245,44,2,0.827,0.827
202312451,1245,4,2,1.337,0.51
202312451,1245,81,2,1.545,0.209
202312451,1245,1,2,2.058,0.513
202312451,1245,30,2,2.793,0.735
202312451,1245,63,2,3.167,0.375
202312451,1245,12,2,3.393,0.226
202312451,1245,14,2,3.994,0.601
202312451,1245,18,2,4.56,0.566
202312451,1245,55,2,5.255,0.695
202312451,1245,23,2,6.157,0.902
202312451,1245,10,2,6.422,0.265
202312451,1245,7,2,6.672,0.25
202312451,1245,22,2,7.307,0.635
202312451,1245,20,2,7.565,0.258
202312451,1245,31,2,8.249,0.684
202312451,1245,87,2,8.63,0.381
202312451,1245,27,2,9.481,0.85
202312451,1245,5,2,10.223,0.742
202312451,1245,16,3,0.0,0.0
202312451,1245,44,3,0.794,0.794
202312451,1245,4,3,1.917,1.123
202312451,1245,81,3,3.337,1.42
202312451,1245,1,3,4.012,0.675
202312451,1245,30,3,4.864,0.852
202312451,1245,63,3,5.417,0.553
202312451,1245,12,3,6.778,1.361
202312451,1245,14,3,7.135,0.358
202312451,1245,18,3,8.615,1.479
202312451,1245,55,3,10.063,1.448
202312451,1245,23,3,10.724,0.661
202312451,1245,10,3,11.027,0.304
202312451,1245,7,3,11.797,0.77
202312451,1245,22,3,12.398,0.601
202312451,1245,20,3,13.675,1.277
202312451,1245,31,3,15.124,1.449
202312451,1245,87,3,15.542,0.419
202312451,1245,27,3,15.86,0.318
202312451,1245,5,3,16.655,0.795
202312451,1245,16,4,0.0,0.0
202312451,1245,44,4,0.699,0.699
202312451,1245,4,4,1.615,0.916
202312451,1245,81,4,3.258,1.643
202312451,1245,1,4,4.066,0.808
202312451,1245,30,4,4.859,0.793
202312451,1245,63,4,5.879,1.02
202312451,1245,12,4,7.211,1.333
202312451,1245,14,4,8.617,1.405
202312451,1245,18,4,9.709,1.092
202312451,1245,55,4,11.652,1.943
202312451,1245,23,4,12.969,1.317
202312451,1245,10,4,14.441,1.473
202312451,1245,7,4,15.087,0.645
202312451,1245,22,4,16.365,1.279
202312451,1245,20,4,17.914,1.549
202312451,1245,31,4,19.596,1.682
202312451,1245,87,4,21.312,1.716
202312451,1245,27,4,22.352,1.04
202312451,1245,5,4,22.961,0.609
202312451,1245,16,5,0.0,0.0
202312451,1245,44,5,2.352,2.352
202312451,1245,4,5,4.553,2.202
202312451,1245,81,5,6.323,1.769
202312451,1245,1,5,7.564,1.241
202312451,1245,30,5,8.73,1.166
202312451,1245,63,5,10.852,2.123
202312451,1245,12,5,13.264,2.411
202312451,1245,14,5,14.26,0.996
202312451,1245,18,5,15.026,0.766
202312451,1245,55,5,17.471,2.445
202312451,1245,23,5,19.751,2.28
202312451,1245,10,5,20.704,0.953
202312451,1245,7,5,21.906,1.202
202312451,1245,22,5,23.904,1.998
202312451,1245,20,5,25.589,1.685
202312451,1245,31,5,27.197,1.608
202312451,1245,87,5,27.774,0.577
202312451,1245,27,5,30.005,2.231
202312451,1245,5,5,31.346,1.341
202312461,1246,16,1,0.0,0.0
202312461,1246,44,1,0.432,0.432
202312461,1246,4,1,0.565,0.133
202312461,1246,81,1,0.723,0.157
202312461,1246,1,1,0.966,0.244
202312461,1246,30,1,1.076,0.11
202312461,1246,63,1,1.381,0.305
202312461,1246,12,1,1.743,0.362
202312461,1246,14,1,1.912,0.169
202312461,1246,18,1,2.401,0.489
202312461,1246,55,1,2.863,0.461
202312461,1246,23,1,3.147,0.284
202312461,1246,10,1,3.616,0.47
202312461,1246,7,1,3.846,0.229
202312461,1246,22,1,4.014,0.169
202312461,1246,20,1,4.183,0.168
202312461,1246,31,1,4.338,0.155
202312461,1246,87,1,4.833,0.494
202312461,1246,27,1,5.251,0.419
202312461,1246,5,1,5.384,0.133
202312461,1246,16,2,0.0,0.0
202312461,1246,44,2,0.822,0.822
202312461,1246,4,2,1.144,0.322
202312461,1246,81,2,1.683,0.539
202312461,1246,1,2,2.281,0.599
202312461,1246,30,2,3.022,0.74
202312461,1246,63,2,3.86,0.838
202312461,1246,12,2,4.217,0.357
202312461,1246,14,2,5.126,0.909
202312461,1246,18,2,5.439,0.313
202312461,1246,55,2,6.279,0.84
202312461,1246,23,2,6.856,0.578
202312461,1246,10,2,7.174,0.318
202312461,1246,7,2,7.752,0.578
202312461,1246,22,2,8.269,0.517
202312461,1246,20,2,9.159,0.89
202312461,1246,31,2,9.607,0.448
202312461,1246,87,2,10.286,0.679
202312461,1246,27,2,10.929,0.643
202312461,1246,5,2,11.518,0.588
202312461,1246,16,3,0.0,0.0
202312461,1246,44,3,1.446,1.446
202312461,1246,4,3,2.575,1.129
202312461,1246,81,3,3.824,1.249
202312461,1246,1,3,4.266,0.442
202312461,1246,30,3,5.694,1.428
202312461,1246,63,3,6.471,0.777
202312461,1246,12,3,6.947,0.476
202312461,1246,14,3,8.048,1.101
202312461,1246,18,3,9.455,1.407
202312461,1246,55,3,10.599,1.144
202312461,1246,23,3,11.011,0.412
202312461,1246,10,3,11.599,0.588
202312461,1246,7,3,12.971,1.372
202312461,1246,22,3,13.393,0.422
202312461,1246,20,3,14.219,0.826
202312461,1246,31,3,15.119,0.9
202312461,1246,87,3,15.859,0.739
202312461,1246,27,3,16.979,1.12
202312461,1246,5,3,17.735,0.756
202312461,1246,16,4,0.0,0.0
202312461,1246,44,4,1.67,1.67
202312461,1246,4,4,3.208,1.537
202312461,1246,81,4,4.699,1.491
202312461,1246,1,4,5.638,0.939
202312461,1246,30,4,6.457,0.818
202312461,1246,63,4,8.191,1.734
202312461,1246,12,4,8.841,0.65
202312461,1246,14,4,9.908,1.068
202312461,1246,18,4,11.802,1.893
202312461,1246,55,4,13.621,1.819
202312461,1246,23,4,14.441,0.821
202312461,1246,10,4,15.079,0.638
202312461,1246,7,4,15.774,0.695
202312461,1246,22,4,16.223,0.449
202312461,1246,20,4,17.022,0.798
202312461,1246,31,4,17.815,0.793
202312461,1246,87,4,18.604,0.789
202312461,1246,27,4,19.348,0.745
202312461,1246,5,4,20.913,1.565
202312461,1246,16,5,0.0,0.0
202312461,1246,44,5,1.216,1.216
202312461,1246,4,5,2.346,1.13
202312461,1246,81,5,3.563,1.218
202312461,1246,1,5,4.915,1.352
202312461,1246,30,5,6.836,1.92
202312461,1246,63,5,7.795,0.959
202312461,1246,12,5,8.379,0.584
202312461,1246,14,5,10.313,1.934
202312461,1246,18,5,12.792,2.479
202312461,1246,55,5,14.816,2.024
202312461,1246,23,5,16.017,1.202
202312461,1246,10,5,17.184,1.167
202312461,1246,7,5,18.607,1.423
202312461,1246,22,5,19.517,0.91
202312461,1246,20,5,21.37,1.853
202312461,1246,31,5,22.396,1.026
202312461,1246,87,5,23.822,1.425
202312461,1246,27,5,25.328,1.506
202312461,1246,5,5,25.992,0.664
202312471,1247,16,1,0.0,0.0
202312471,1247,44,1,0.428,0.428
202312471,1247,4,1,0.538,0.11
202312471,1247,81,1,0.741,0.204
202312471,1247,1,1,1.168,0.426
202312471,1247,30,1,1.309,0.141
202312471,1247,63,1,1.556,0.247
202312471,1247,12,1,1.719,0.163
202312471,1247,14,1,2.033,0.314
202312471,1247,18,1,2.298,0.265
202312471,1247,55,1,2.547,0.249
202312471,1247,23,1,3.046,0.499
202312471,1247,10,1,3.402,0.357
202312471,1247,7,1,3.532,0.13
202312471,1247,22,1,3.819,0.287
202312471,1247,20,1,4.087,0.268
202312471,1247,31,1,4.399,0.312
202312471,1247,87,1,4.717,0.317
202312471,1247,27,1,5.132,0.415
202312471,1247,5,1,5.427,0.295
202312471,1247,16,2,0.0,0.0
202312471,1247,44,2,0.927,0.927
202312471,1247,4,2,1.558,0.63
202312471,1247,81,2,2.323,0.766
202312471,1247,1,2,3.072,0.749
202312471,1247,30,2,3.42,0.348
202312471,1247,63,2,3.973,0.552
202312471,1247,12,2,4.896,0.923
202312471,1247,14,2,5.473,0.578
202312471,1247,18,2,6.375,0.902
202312471,1247,55,2,7.265,0.89
202312471,1247,23,2,7.799,0.534
202312471,1247,10,2,8.113,0.313
202312471,1247,7,2,8.854,0.741
202312471,1247,22,2,9.264,0.411
202312471,1247,20,2,9.699,0.434
202312471,1247,31,2,10.512,0.813
202312471,1247,87,2,10.824,0.312
202312471,1247,27,2,11.272,0.448
202312471,1247,5,2,11.73,0.458
202312471,1247,16,3,0.0,0.0
202312471,1247,44,3,0.519,0.519
202312471,1247,4,3,1.053,0.534
202312471,1247,81,3,2.202,1.148
202312471,1247,1,3,3.092,0.891
202312471,1247,30,3,4.203,1.111
202312471,1247,63,3,5.123,0.92
202312471,1247,12,3,6.281,1.158
202312471,1247,14,3,7.228,0.947
202312471,1247,18,3,7.889,0.661
202312471,1247,55,3,9.244,1.355
202312471,1247,23,3,10.525,1.281
202312471,1247,10,3,11.712,1.187
202312471,1247,7,3,12.195,0.482
202312471,1247,22,3,13.556,1.361
202312471,1247,20,3,14.641,1.085
202312471,1247,31,3,15.825,1.184
202312471,1247,87,3,16.976,1.151
202312471,1247,27,3,17.282,0.306
202312471,1247,5,3,17.784,0.502
202312471,1247,16,4,0.0,0.0
202312471,1247,44,4,0.962,0.962
202312471,1247,4,4,1.67,0.708
202312471,1247,81,4,3.503,1.833
202312471,1247,1,4,4.961,1.458
202312471,1247,30,4,5.811,0.851
202312471,1247,63,4,7.595,1.784
202312471,1247,12,4,8.599,1.004
202312471,1247,14,4,9.138,0.539
202312471,1247,18,4,10.228,1.09
202312471,1247,55,4,11.947,1.719
202312471,1247,23,4,12.675,0.729
202312471,1247,10,4,13.868,1.192
202312471,1247,7,4,15.696,1.828
202312471,1247,22,4,16.281,0.585
202312471,1247,20,4,18.24,1.959
202312471,1247,31,4,20.166,1.926
202312471,1247,87,4,21.462,1.296
202312471,1247,27,4,23.072,1.609
202312471,1247,5,4,24.07,0.999
202312471,1247,16,5,0.0,0.0
202312471,1247,44,5,1.657,1.657
202312471,1247,4,5,2.697,1.04
202312471,1247,81,5,3.419,0.722
202312471,1247,1,5,5.203,1.784
202312471,1247,30,5,5.84,0.637
202312471,1247,63,5,8.189,2.348
202312471,1247,12,5,9.347,1.158
202312471,1247,14,5,10.985,1.638
202312471,1247,18,5,11.624,0.638
202312471,1247,55,5,14.051,2.427
202312471,1247,23,5,15.262,1.212
202312471,1247,10,5,15.875,0.613
202312471,1247,7,5,17.75,1.875
202312471,1247,22,5,18.601,0.851
202312471,1247,20,5,20.113,1.512
202312471,1247,31,5,21.906,1.793
202312471,1247,87,5,22.936,1.03
202312471,1247,27,5,23.48,0.544
202312471,1247,5,5,25.526,2.046
202312481,1248,16,1,0.0,0.0
202312481,1248,44,1,0.126,0.126
202312481,1248,4,1,0.575,0.45
202312481,1248,81,1,1.008,0.433
202312481,1248,1,1,1.142,0.134
202312481,1248,30,1,1.602,0.46
202312481,1248,63,1,2.077,0.475
202312481,1248,12,1,2.358,0.281
202312481,1248,14,1,2.853,0.495
202312481,1248,18,1,2.995,0.142
202312481,1248,55,1,3.422,0.427
202312481,1248,23,1,3.92,0.498
202312481,1248,10,1,4.171,0.251
202312481,1248,7,1,4.399,0.228
202312481,1248,22,1,4.612,0.213
202312481,1248,20,1,4.956,0.344
202312481,1248,31,1,5.174,0.218
202312481,1248,87,1,5.326,0.153
202312481,1248,27,1,5.521,0.195
202312481,1248,5,1,5.831,0.31
202312481,1248,16,2,0.0,0.0
202312481,1248,44,2,0.996,0.996
202312481,1248,4,2,1.824,0.829
202312481,1248,81,2,2.478,0.654
202312481,1248,1,2,3.015,0.537
202312481,1248,30,2,3.651,0.635
202312481,1248,63,2,4.578,0.927
202312481,1248,12,2,5.02,0.442
202312481,1248,14,2,5.595,0.575
202312481,1248,18,2,6.565,0.97
202312481,1248,55,2,7.009,0.444
202312481,1248,23,2,7.677,0.668
202312481,1248,10,2,8.196,0.52
202312481,1248,7,2,8.804,0.608
202312481,1248,22,2,9.718,0.914
202312481,1248,20,2,9.972,0.254
202312481,1248,31,2,10.288,0.316
202312481,1248,87,2,10.582,0.294
202312481,1248,27,2,10.971,0.389
202312481,1248,5,2,11.411,0.44
202312481,1248,16,3,0.0,0.0
202312481,1248,44,3,1.007,1.007
202312481,1248,4,3,1.924,0.917
202312481,1248,81,3,2.679,0.754
202312481,1248,1,3,3.948,1.269
202312481,1248,30,3,5.388,1.44
202312481,1248,63,3,6.299,0.911
202312481,1248,12,3,7.478,1.179
202312481,1248,14,3,8.972,1.495
202312481,1248,18,3,10.357,1.385
202312481,1248,55,3,11.594,1.237
202312481,1248,23,3,12.148,0.554
202312481,1248,10,3,13.394,1.246
202312481,1248,7,3,14.494,1.1
202312481,1248,22,3,15.203,0.709
202312481,1248,20,3,15.599,0.396
202312481,1248,31,3,17.028,1.429
202312481,1248,87,3,18.056,1.028
202312481,1248,27,3,19.485,1.429
202312481,1248,5,3,20.258,0.773
202312481,1248,16,4,0.0,0.0
202312481,1248,44,4,0.97,0.97
202312481,1248,4,4,2.051,1.081
202312481,1248,81,4,3.478,1.427
202312481,1248,1,4,4.425,0.947
202312481,1248,30,4,5.85,1.425
202312481,1248,63,4,6.393,0.543
202312481,1248,12,4,7.95,1.557
202312481,1248,14,4,8.615,0.665
202312481,1248,18,4,10.6,1.985
202312481,1248,55,4,11.496,0.895
202312481,1248,23,4,12.577,1.081
202312481,1248,10,4,14.341,1.764
202312481,1248,7,4,15.002,0.661
202312481,1248,22,4,16.14,1.137
202312481,1248,20,4,17.019,0.879
202312481,1248,31,4,18.176,1.157
202312481,1248,87,4,18.966,0.79
202312481,1248,27,4,20.795,1.829
202312481,1248,5,4,21.995,1.2
202312481,1248,16,5,0.0,0.0
202312481,1248,44,5,2.336,2.336
202312481,1248,4,5,3.308,0.972
202312481,1248,81,5,5.476,2.167
202312481,1248,1,5,6.143,0.667
202312481,1248,30,5,8.035,1.892
202312481,1248,63,5,10.182,2.147
202312481,1248,12,5,12.328,2.146
202312481,1248,14,5,12.889,0.561
202312481,1248,18,5,13.956,1.067
202312481,1248,55,5,16.114,2.158
202312481,1248,23,5,17.059,0.944
202312481,1248,10,5,18.388,1.329
202312481,1248,7,5,20.592,2.205
202312481,1248,22,5,22.907,2.315
202312481,1248,20,5,24.918,2.011
202312481,1248,31,5,26.261,1.343
202312481,1248,87,5,28.271,2.01
202312481,1248,27,5,30.291,2.021
202312481,1248,5,5,31.787,1.496
202312501,1250,16,1,0.0,0.0
202312501,1250,44,1,0.476,0.476
202312501,1250,4,1,0.846,0.37
202312501,1250,81,1,1.099,0.253
202312501,1250,1,1,1.542,0.443
202312501,1250,30,1,1.671,0.129
202312501,1250,63,1,1.807,0.136
202312501,1250,12,1,2.267,0.46
202312501,1250,14,1,2.733,0.466
202312501,1250,18,1,2.92,0.187
202312501,1250,55,1,3.351,0.431
202312501,1250,23,1,3.764,0.413
202312501,1250,10,1,4.161,0.398
202312501,1250,7,1,4.605,0.444
202312501,1250,22,1,4.706,0.101
202312501,1250,20,1,5.134,0.428
202312501,1250,31,1,5.449,0.315
202312501,1250,87,1,5.72,0.271
202312501,1250,27,1,5.937,0.217
202312501,1250,5,1,6.147,0.21
202312501,1250,16,2,0.0,0.0
202312501,1250,44,2,0.243,0.243
202312501,1250,4,2,1.204,0.961
202312501,1250,81,2,1.743,0.539
202312501,1250,1,2,2.055,0.312
202312501,1250,30,2,2.998,0.943
202312501,1250,63,2,3.636,0.638
202312501,1250,12,2,3.845,0.209
202312501,1250,14,2,4.753,0.908
202312501,1250,18,2,5.052,0.299
202312501,1250,55,2,5.265,0.213
202312501,1250,23,2,6.22,0.955
202312501,1250,10,2,6.665,0.445
202312501,1250,7,2,7.084,0.419
202312501,1250,22,2,7.369,0.284
202312501,1250,20,2,7.786,0.417
202312501,1250,31,2,8.709,0.923
202312501,1250,87,2,9.624,0.914
202312501,1250,27,2,10.516,0.892
202312501,1250,5,2,11.363,0.847
202312501,1250,16,3,0.0,0.0
202312501,1250,44,3,0.966,0.966
202312501,1250,4,3,2.053,1.086
202312501,1250,81,3,2.778,0.725
202312501,1250,1,3,3.589,0.811
202312501,1250,30,3,4.903,1.314
202312501,1250,63,3,5.478,0.575
202312501,1250,12,3,6.915,1.437
202312501,1250,14,3,8.385,1.47
202312501,1250,18,3,8.888,0.503
202312501,1250,55,3,10.38,1.492
202312501,1250,23,3,11.866,1.486
202312501,1250,10,3,13.056,1.191
202312501,1250,7,3,13.981,0.924
202312501,1250,22,3,15.139,1.159
202312501,1250,20,3,16.33,1.191
202312501,1250,31,3,16.816,0.486
202312501,1250,87,3,17.174,0.358
202312501,1250,27,3,18.186,1.012
202312501,1250,5,3,19.094,0.908
202312501,1250,16,4,0.0,0.0
202312501,1250,44,4,1.45,1.45
202312501,1250,4,4,2.283,0.834
202312501,1250,81,4,3.221,0.938
202312501,1250,1,4,4.353,1.132
202312501,1250,30,4,4.876,0.523
202312501,1250,63,4,6.688,1.811
202312501,1250,12,4,8.09,1.402
202312501,1250,14,4,8.931,0.841
202312501,1250,18,4,9.831,0.9
202312501,1250,55,4,11.718,1.887
202312501,1250,23,4,12.479,0.762
202312501,1250,10,4,13.412,0.933
202312501,1250,7,4,13.827,0.415
202312501,1250,22,4,14.828,1.001
202312501,1250,20,4,15.553,0.725
202312501,1250,31,4,17.541,1.987
202312501,1250,87,4,18.686,1.145
202312501,1250,27,4,20.284,1.598
202312501,1250,5,4,21.395,1.111
202312501,1250,16,5,0.0,0.0
202312501,1250,44,5,1.29,1.29
202312501,1250,4,5,2.347,1.058
202312501,1250,81,5,3.692,1.345
202312501,1250,1,5,5.875,2.183
202312501,1250,30,5,8.336,2.462
202312501,1250,63,5,8.856,0.519
202312501,1250,12,5,10.17,1.314
202312501,1250,14,5,10.869,0.699
202312501,1250,18,5,12.214,1.345
202312501,1250,55,5,14.542,2.328
202312501,1250,23,5,15.518,0.976
202312501,1250,10,5,16.693,1.175
202312501,1250,7,5,18.941,2.248
202312501,1250,22,5,19.603,0.662
202312501,1250,20,5,20.521,0.918
202312501,1250,31,5,21.692,1.171
202312501,1250,87,5,24.005,2.313
202312501,1250,27,5,25.267,1.262
202312501,1250,5,5,26.274,1.007
202312511,1251,16,1,0.0,0.0
202312511,1251,44,1,0.157,0.157
202312511,1251,4,1,0.309,0.152
202312511,1251,81,1,0.702,0.393
202312511,1251,1,1,0.893,0.191
202312511,1251,30,1,1.332,0.439
202312511,1251,63,1,1.449,0.117
202312511,1251,12,1,1.584,0.135
202312511,1251,14,1,2.017,0.433
202312511,1251,18,1,2.303,0.286
202312511,1251,55,1,2.788,0.486
202312511,1251,23,1,3.064,0.275
202312511,1251,10,1,3.369,0.306
202312511,1251,7,1,3.846,0.477
202312511,1251,22,1,4.304,0.458
202312511,1251,20,1,4.747,0.442
202312511,1251,31,1,4.924,0.177
202312511,1251,87,1,5.321,0.397
202312511,1251,27,1,5.578,0.257
202312511,1251,5,1,5.75,0.172
202312511,1251,16,2,0.0,0.0
202312511,1251,44,2,0.535,0.535
202312511,1251,4,2,1.163,0.628
202312511,1251,81,2,1.982,0.819
202312511,1251,1,2,2.478,0.496
202312511,1251,30,2,3.376,0.898
202312511,1251,63,2,3.712,0.336
202312511,1251,12,2,4.578,0.866
202312511,1251,14,2,5.012,0.434
202312511,1251,18,2,5.504,0.493
202312511,1251,55,2,6.481,0.977
202312511,1251,23,2,7.399,0.918
202312511,1251,10,2,8.383,0.983
202312511,1251,7,2,8.633,0.25
202312511,1251,22,2,9.348,0.715
202312511,1251,20,2,9.877,0.529
202312511,1251,31,2,10.226,0.349
202312511,1251,87,2,10.754,0.529
202312511,1251,27,2,11.743,0.988
202312511,1251,5,2,12.678,0.935
202312511,1251,16,3,0.0,0.0
202312511,1251,44,3,0.941,0.941
202312511,1251,4,3,1.769,0.828
202312511,1251,81,3,2.412,0.643
202312511,1251,1,3,3.388,0.976
202312511,1251,30,3,4.448,1.06
202312511,1251,63,3,5.122,0.674
202312511,1251,12,3,5.479,0.357
202312511,1251,14,3,5.922,0.443
202312511,1251,18,3,7.185,1.262
202312511,1251,55,3,8.521,1.336
202312511,1251,23,3,9.921,1.4
202312511,1251,10,3,10.686,0.765
202312511,1251,7,3,12.181,1.495
202312511,1251,22,3,13.188,1.007
202312511,1251,20,3,14.095,0.907
202312511,1251,31,3,15.355,1.26
202312511,1251,87,3,15.91,0.555
202312511,1251,27,3,16.978,1.068
202312511,1251,5,3,17.753,0.775
202312511,1251,16,4,0.0,0.0
202312511,1251,44,4,1.45,1.45
202312511,1251,4,4,2.356,0.906
202312511,1251,81,4,2.871,0.514
202312511,1251,1,4,4.218,1.347
202312511,1251,30,4,5.014,0.796
202312511,1251,63,4,6.596,1.582
202312511,1251,12,4,7.38,0.784
202312511,1251,14,4,8.883,1.503
202312511,1251,18,4,10.533,1.65
202312511,1251,55,4,11.596,1.063
202312511,1251,23,4,13.269,1.673
202312511,1251,10,4,14.228,0.959
202312511,1251,7,4,15.182,0.953
202312511,1251,22,4,15.805,0.623
202312511,1251,20,4,16.21,0.405
202312511,1251,31,4,17.188,0.977
202312511,1251,87,4,18.123,0.935
202312511,1251,27,4,19.468,1.346
202312511,1251,5,4,20.873,1.404
202312511,1251,16,5,0.0,0.0
202312511,1251,44,5,2.224,2.224
202312511,1251,4,5,3.448,1.225
202312511,1251,81,5,4.171,0.723
202312511,1251,1,5,4.819,0.648
202312511,1251,30,5,6.474,1.655
202312511,1251,63,5,8.108,1.634
202312511,1251,12,5,8.98,0.871
202312511,1251,14,5,10.536,1.556
202312511,1251,18,5,12.411,1.875
202312511,1251,55,5,14.433,2.022
202312511,1251,23,5,14.958,0.525
202312511,1251,10,5,15.873,0.915
202312511,1251,7,5,17.349,1.476
202312511,1251,22,5,19.773,2.423
202312511,1251,20,5,21.944,2.172
202312511,1251,31,5,23.013,1.069
202312511,1251,87,5,23.943,0.93
202312511,1251,27,5,25.94,1.997
202312511,1251,5,5,27.069,1.129
202312521,1252,16,1,0.0,0.0
202312521,1252,44,1,0.227,0.227
202312521,1252,4,1,0.441,0.214
202312521,1252,81,1,0.786,0.345
202312521,1252,1,1,1.064,0.278
202312521,1252,30,1,1.266,0.202
202312521,1252,63,1,1.506,0.24
202312521,1252,12,1,1.857,0.351
202312521,1252,14,1,1.968,0.111
202312521,1252,18,1,2.194,0.226
202312521,1252,55,1,2.489,0.295
202312521,1252,23,1,2.683,0.194
202312521,1252,10,1,3.109,0.426
202312521,1252,7,1,3.422,0.313
202312521,1252,22,1,3.535,0.113
202312521,1252,20,1,3.637,0.101
202312521,1252,31,1,3.854,0.218
202312521,1252,87,1,4.338,0.484
202312521,1252,27,1,4.65,0.312
202312521,1252,5,1,4.778,0.128
202312521,1252,16,2,0.0,0.0
202312521,1252,44,2,0.727,0.727
202312521,1252,4,2,1.143,0.416
202312521,1252,81,2,1.417,0.274
202312521,1252,1,2,1.975,0.558
202312521,1252,30,2,2.287,0.313
202312521,1252,63,2,3.24,0.952
202312521,1252,12,2,4.118,0.879
202312521,1252,14,2,4.592,0.474
202312521,1252,18,2,5.295,0.703
202312521,1252,55,2,5.64,0.346
202312521,1252,23,2,6.092,0.452
202312521,1252,10,2,6.825,0.733
202312521,1252,7,2,7.069,0.244
202312521,1252,22,2,7.949,0.879
202312521,1252,20,2,8.676,0.727
202312521,1252,31,2,9.033,0.357
202312521,1252,87,2,9.306,0.273
202312521,1252,27,2,9.632,0.326
202312521,1252,5,2,10.183,0.551
202312521,1252,16,3,0.0,0.0
202312521,1252,44,3,0.914,0.914
202312521,1252,4,3,1.56,0.646
202312521,1252,81,3,2.494,0.934
202312521,1252,1,3,3.44,0.946
202312521,1252,30,3,4.842,1.402
202312521,1252,63,3,5.311,0.469
202312521,1252,12,3,5.844,0.533
202312521,1252,14,3,6.838,0.994
202312521,1252,18,3,7.529,0.692
202312521,1252,55,3,8.065,0.535
202312521,1252,23,3,8.712,0.647
202312521,1252,10,3,9.055,0.343
202312521,1252,7,3,9.944,0.889
202312521,1252,22,3,11.04,1.096
202312521,1252,20,3,11.425,0.385
202312521,1252,31,3,12.103,0.677
202312521,1252,87,3,13.463,1.361
202312521,1252,27,3,14.565,1.102
202312521,1252,5,3,15.889,1.324
202312521,1252,16,4,0.0,0.0
202312521,1252,44,4,1.754,1.754
202312521,1252,4,4,3.141,1.386
202312521,1252,81,4,4.423,1.282
202312521,1252,1,4,5.79,1.367
202312521,1252,30,4,7.348,1.558
202312521,1252,63,4,8.704,1.357
202312521,1252,12,4,9.6,0.895
202312521,1252,14,4,10.455,0.855
202312521,1252,18,4,11.407,0.952
202312521,1252,55,4,12.472,1.065
202312521,1252,23,4,13.926,1.455
202312521,1252,10,4,15.617,1.691
202312521,1252,7,4,16.678,1.061
202312521,1252,22,4,18.0,1.322
202312521,1252,20,4,19.02,1.02
202312521,1252,31,4,19.688,0.668
202312521,1252,87,4,20.158,0.471
202312521,1252,27,4,21.885,1.727
202312521,1252,5,4,22.726,0.841
202312521,1252,16,5,0.0,0.0
202312521,1252,44,5,1.291,1.291
202312521,1252,4,5,2.721,1.43
202312521,1252,81,5,5.092,2.371
202312521,1252,1,5,6.051,0.96
202312521,1252,30,5,8.046,1.995
202312521,1252,63,5,8.886,0.84
202312521,1252,12,5,10.712,1.826
202312521,1252,14,5,12.245,1.533
202312521,1252,18,5,13.756,1.511
202312521,1252,55,5,14.647,0.892
202312521,1252,23,5,15.294,0.646
202312521,1252,10,5,15.96,0.666
202312521,1252,7,5,18.226,2.266
202312521,1252,22,5,19.325,1.099
202312521,1252,20,5,20.564,1.239
202312521,1252,31,5,22.451,1.887
202312521,1252,87,5,24.668,2.217
202312521,1252,27,5,27.161,2.493
202312521,1252,5,5,28.946,1.785
202312531,1253,16,1,0.0,0.0
202312531,1253,44,1,0.441,0.441
202312531,1253,4,1,0.707,0.266
202312531,1253,81,1,0.972,0.265
202312531,1253,1,1,1.424,0.452
202312531,1253,30,1,1.685,0.261
202312531,1253,63,1,2.16,0.475
202312531,1253,12,1,2.495,0.335
202312531,1253,14,1,2.847,0.352
202312531,1253,18,1,3.346,0.499
202312531,1253,55,1,3.769,0.423
202312531,1253,23,1,4.03,0.261
202312531,1253,10,1,4.425,0.394
202312531,1253,7,1,4.603,0.178
202312531,1253,22,1,4.867,0.264
202312531,1253,20,1,5.129,0.263
202312531,1253,31,1,5.554,0.424
202312531,1253,87,1,5.994,0.44
202312531,1253,27,1,6.26,0.266
202312531,1253,5,1,6.606,0.346
202312531,1253,16,2,0.0,0.0
202312531,1253,44,2,0.754,0.754
202312531,1253,4,2,1.401,0.648
202312531,1253,81,2,2.074,0.672
202312531,1253,1,2,2.51,0.436
202312531,1253,30,2,2.73,0.22
202312531,1253,63,2,3.052,0.322
202312531,1253,12,2,3.851,0.8
202312531,1253,14,2,4.51,0.659
202312531,1253,18,2,5.148,0.638
202312531,1253,55,2,5.512,0.365
202312531,1253,23,2,6.373,0.86
202312531,1253,10,2,6.769,0.396
202312531,1253,7,2,7.557,0.788
202312531,1253,22,2,7.905,0.348
202312531,1253,20,2,8.526,0.621
202312531,1253,31,2,9.355,0.83
202312531,1253,87,2,10.176,0.82
202312531,1253,27,2,10.864,0.688
202312531,1253,5,2,11.171,0.307
202312531,1253,16,3,0.0,0.0
202312531,1253,44,3,0.642,0.642
202312531,1253,4,3,1.728,1.085
202312531,1253,81,3,2.838,1.11
202312531,1253,1,3,3.777,0.939
202312531,1253,30,3,4.293,0.516
202312531,1253,63,3,4.607,0.313
202312531,1253,12,3,5.531,0.925
202312531,1253,14,3,6.108,0.577
202312531,1253,18,3,6.454,0.346
202312531,1253,55,3,7.142,0.688
202312531,1253,23,3,8.576,1.434
202312531,1253,10,3,9.12,0.544
202312531,1253,7,3,9.484,0.364
202312531,1253,22,3,10.67,1.186
202312531,1253,20,3,11.157,0.487
202312531,1253,31,3,12.178,1.021
202312531,1253,87,3,13.34,1.162
202312531,1253,27,3,14.281,0.941
202312531,1253,5,3,15.589,1.308
202312531,1253,16,4,0.0,0.0
202312531,1253,44,4,1.886,1.886
202312531,1253,4,4,3.433,1.547
202312531,1253,81,4,5.211,1.778
202312531,1253,1,4,6.097,0.886
202312531,1253,30,4,7.309,1.212
202312531,1253,63,4,8.687,1.378
202312531,1253,12,4,9.357,0.67
202312531,1253,14,4,10.021,0.664
202312531,1253,18,4,11.708,1.687
202312531,1253,55,4,13.16,1.452
202312531,1253,23,4,14.088,0.929
202312531,1253,10,4,15.036,0.947
202312531,1253,7,4,16.835,1.799
202312531,1253,22,4,17.315,0.48
202312531,1253,20,4,18.028,0.714
202312531,1253,31,4,18.838,0.809
202312531,1253,87,4,19.526,0.689
202312531,1253,27,4,21.421,1.895
202312531,1253,5,4,22.836,1.414
202312531,1253,16,5,0.0,0.0
202312531,1253,44,5,0.69,0.69
202312531,1253,4,5,2.623,1.932
202312531,1253,81,5,3.549,0.926
202312531,1253,1,5,4.342,0.793
202312531,1253,30,5,6.014,1.672
202312531,1253,63,5,7.011,0.997
202312531,1253,12,5,8.529,1.518
202312531,1253,14,5,10.994,2.465
202312531,1253,18,5,12.554,1.56
202312531,1253,55,5,14.506,1.951
202312531,1253,23,5,15.714,1.209
202312531,1253,10,5,18.139,2.425
202312531,1253,7,5,20.385,2.246
202312531,1253,22,5,21.408,1.023
202312531,1253,20,5,22.276,0.868
202312531,1253,31,5,24.702,2.426
202312531,1253,87,5,26.106,1.404
202312531,1253,27,5,28.394,2.288
202312531,1253,5,5,30.383,1.989
